Inclination anlges,Gyros,Encoders,Voltage
0.15,-0.0,0.03,0.0
0.15,-0.0,0.03,0.0
0.15,-0.0,0.03,0.0
0.14,-0.0,0.03,0.0
0.15,-0.01,0.03,0.0
0.16,-0.0,0.03,0.0
0.15,-0.0,0.03,0.0
0.15,-0.0,0.03,0.0
0.14,-0.0,0.03,0.0
0.15,-0.0,0.03,0.0
0.15,-0.01,0.03,0.0
0.15,-0.0,0.03,0.0
0.15,-0.0,0.03,0.0
0.15,-0.01,0.03,0.0
0.15,-0.0,0.03,0.0
0.15,-0.0,0.03,0.0
0.14,-0.0,0.03,0.0
0.14,-0.0,0.03,0.0
0.14,-0.0,0.03,0.0
0.15,-0.0,0.03,0.0
0.15,-0.0,0.03,0.0
0.14,-0.0,0.03,0.0
0.14,-0.0,0.03,0.0
0.15,-0.0,0.03,0.0
0.15,-0.0,0.03,0.0
0.15,-0.0,0.03,0.0
0.15,-0.0,0.03,0.0
0.14,-0.0,0.03,0.0
0.15,-0.01,0.03,0.0
0.15,-0.0,0.03,0.0
0.15,-0.0,0.03,0.0
0.15,-0.0,0.03,0.0
0.15,-0.0,0.03,0.0
0.15,-0.0,0.03,0.0
0.15,-0.0,0.03,0.0
0.15,-0.0,0.03,0.0
0.14,-0.0,0.03,0.0
0.15,-0.0,0.03,0.0
0.15,-0.0,0.03,0.0
0.15,-0.0,0.03,0.0
0.14,-0.0,0.03,0.0
0.15,-0.0,0.03,0.0
0.15,-0.01,0.03,0.0
0.15,-0.01,0.03,0.0
0.15,-0.0,0.03,0.0
0.15,-0.0,0.03,0.0
0.15,-0.0,0.03,0.0
0.14,-0.0,0.03,0.0
0.14,-0.0,0.03,0.0
0.15,-0.0,0.03,0.0
0.15,-0.0,0.03,0.0
0.15,-0.0,0.03,0.0
0.15,-0.01,0.03,0.0
0.15,-0.0,0.03,0.0
0.15,-0.0,0.03,0.0
0.15,-0.0,0.03,0.0
0.14,-0.0,0.03,0.0
0.15,-0.0,0.03,0.0
0.14,-0.0,0.03,0.0
0.15,-0.0,0.03,0.0
0.15,-0.0,0.03,0.0
0.16,-0.0,0.03,0.0
0.14,0.0,0.03,0.0
0.14,-0.0,0.03,0.0
0.15,-0.0,0.03,0.0
0.14,-0.0,0.03,0.0
0.16,-0.0,0.03,0.0
0.15,-0.0,0.03,0.0
0.15,-0.0,0.03,0.0
0.14,-0.0,0.03,0.0
0.15,-0.0,0.03,0.0
0.14,-0.0,0.03,0.0
0.15,-0.0,0.03,0.0
0.15,-0.0,0.03,0.0
0.15,-0.0,0.03,0.0
0.15,-0.0,0.03,0.0
0.15,-0.0,0.03,0.0
0.15,-0.0,0.03,0.0
0.15,-0.0,0.03,0.0
0.16,-0.0,0.03,0.0
0.15,-0.0,0.03,0.0
0.14,-0.0,0.03,0.0
0.14,-0.0,0.03,0.0
0.15,-0.0,0.03,0.0
0.15,-0.0,0.03,0.0
0.15,-0.0,0.03,0.0
0.15,-0.0,0.03,0.0
0.15,-0.0,0.03,0.0
0.15,-0.0,0.03,0.0
0.15,-0.0,0.03,0.0
0.15,-0.01,0.03,0.0
0.15,-0.0,0.03,0.0
0.15,-0.0,0.03,0.0
0.15,-0.01,0.03,0.0
0.15,-0.0,0.03,0.0
0.15,-0.0,0.03,0.0
0.16,-0.0,0.03,0.0
0.15,-0.01,0.03,0.0
0.15,-0.0,0.03,0.0
0.16,-0.0,0.03,0.0
0.15,-0.0,0.03,0.0
0.14,-0.01,0.03,0.0
0.15,-0.0,0.03,0.0
0.15,-0.0,0.03,0.0
0.15,-0.0,0.03,0.0
0.16,-0.0,0.03,0.0
0.16,-0.0,0.03,0.0
0.14,-0.0,0.03,0.0
0.16,-0.0,0.03,0.0
0.15,-0.0,0.03,0.0
0.15,-0.0,0.03,0.0
0.15,-0.0,0.03,0.0
0.14,-0.0,0.03,0.0
0.15,-0.0,0.03,0.0
0.14,-0.0,0.03,0.0
0.16,-0.0,0.03,0.0
0.15,-0.0,0.03,0.0
0.15,-0.01,0.03,-3.0
0.19,0.05,0.03,-3.0
0.18,-0.12,0.03,-3.0
0.23,-0.54,0.04,-3.0
0.4,-1.71,0.07,-3.0
0.35,-3.49,0.14,-3.0
0.33,-3.72,0.21,-3.0
0.5,-3.48,0.29,-3.0
0.44,-3.36,0.37,-3.0
0.57,-3.1,0.44,-3.0
0.52,-2.47,0.51,-3.0
0.66,-2.08,0.57,-3.0
0.67,-1.6,0.62,-3.0
0.67,-0.99,0.66,-3.0
0.7,-0.49,0.68,-3.0
0.69,0.1,0.69,-3.0
0.69,0.64,0.7,-3.0
0.74,0.96,0.7,-3.0
0.76,0.98,0.69,-3.0
0.77,0.76,0.69,-3.0
0.7,0.71,0.69,-3.0
0.66,0.82,0.69,-3.0
0.67,0.79,0.69,-3.0
0.64,0.85,0.69,-3.0
0.62,0.88,0.69,-3.0
0.6,0.88,0.69,-3.0
0.6,0.93,0.69,-3.0
0.59,0.95,0.69,-3.0
0.55,0.96,0.69,-3.0
0.51,1.0,0.69,-3.0
0.52,1.02,0.69,-3.0
0.47,1.03,0.69,-3.0
0.48,1.02,0.69,-3.0
0.44,1.01,0.7,-3.0
0.44,0.97,0.7,-3.0
0.36,0.94,0.7,-3.0
0.39,0.96,0.71,-3.0
0.36,0.95,0.71,-3.0
0.43,0.64,0.72,-3.0
0.37,0.09,0.74,-3.0
0.45,-0.36,0.77,-3.0
0.32,-0.8,0.82,-3.0
0.47,-1.15,0.86,-3.0
0.41,-1.32,0.92,-3.0
0.51,-1.48,0.97,-3.0
0.37,-1.33,1.04,-3.0
0.54,-1.43,1.1,-3.0
0.49,-1.3,1.16,-3.0
0.56,-1.12,1.21,-3.0
0.53,-0.85,1.27,-3.0
0.63,-0.67,1.32,-3.0
0.54,-0.5,1.36,-3.0
0.51,-0.2,1.4,-3.0
0.6,0.04,1.45,-3.0
0.61,0.18,1.48,-3.0
0.52,0.54,1.51,-3.0
0.61,0.63,1.53,-3.0
0.56,0.68,1.55,-3.0
0.6,0.62,1.58,-3.0
0.56,0.8,1.6,-3.0
0.59,0.66,1.62,-3.0
0.55,0.66,1.65,-3.0
0.53,0.63,1.69,-3.0
0.48,0.59,1.72,-3.0
0.52,0.51,1.75,-3.0
0.5,0.53,1.78,-3.0
0.48,0.3,1.82,-3.0
0.44,0.2,1.86,-3.0
0.49,0.02,1.92,-3.0
0.44,0.07,1.96,-3.0
0.44,-0.08,2.01,-3.0
0.45,-0.03,2.06,-3.0
0.45,-0.14,2.12,-3.0
0.45,-0.26,2.18,-3.0
0.49,-0.2,2.23,-3.0
0.49,-0.25,2.29,-3.0
0.52,-0.13,2.36,-3.0
0.46,-0.21,2.42,-3.0
0.44,-0.13,2.47,-3.0
0.51,-0.23,2.53,-3.0
0.49,0.05,2.6,-3.0
0.5,-0.15,2.66,-3.0
0.5,-0.08,2.71,-3.0
0.47,-0.12,2.78,-3.0
0.39,0.01,2.84,-3.0
0.55,-0.09,2.9,-3.0
0.42,-0.06,2.95,-3.0
0.46,-0.15,3.02,-3.0
0.52,-0.13,3.08,-3.0
0.5,-0.07,3.14,-3.0
0.43,-0.09,3.2,-3.0
0.5,-0.16,3.27,-3.0
0.53,-0.12,3.33,-3.0
0.51,-0.02,3.39,-3.0
0.47,-0.09,3.46,-3.0
0.51,-0.11,3.52,-3.0
0.54,-0.03,3.58,-3.0
0.46,-0.04,3.64,-3.0
0.58,-0.1,3.71,-3.0
0.52,-0.03,3.77,-3.0
0.49,-0.08,3.83,-3.0
0.45,0.01,3.9,-3.0
0.54,-0.05,3.96,-3.0
0.44,-0.01,4.02,-3.0
0.52,-0.03,4.08,-3.0
0.54,0.01,4.15,-3.0
0.56,0.0,4.2,-3.0
0.46,0.03,4.26,-3.0
0.51,-0.02,4.32,-3.0
0.46,0.06,4.39,-3.0
0.51,0.17,4.44,-3.0
0.54,0.06,4.5,-3.0
0.53,0.19,4.57,-3.0
0.47,0.19,4.62,-3.0
0.51,0.2,4.68,-3.0
0.51,0.12,4.74,-3.0
0.49,0.16,4.8,-3.0
0.45,0.14,4.86,-3.0
0.5,0.21,4.92,-3.0
0.55,0.2,4.98,-3.0
0.44,0.18,5.05,-3.0
0.55,0.07,5.12,-3.0
0.39,0.21,5.18,-3.0
0.55,0.23,5.25,-3.0
0.44,0.26,5.31,-3.0
0.49,0.18,5.38,-3.0
0.42,0.26,5.45,-3.0
0.47,0.28,5.52,-3.0
0.42,0.27,5.58,-3.0
0.48,0.15,5.65,-3.0
0.43,0.24,5.73,-3.0
0.47,0.21,5.79,-3.0
0.44,0.2,5.86,-3.0
0.43,-0.01,5.94,-3.0
0.44,0.14,6.02,-3.0
0.45,0.02,6.09,-3.0
0.38,0.09,6.17,-3.0
0.38,0.02,6.25,-3.0
0.47,0.06,6.33,-3.0
0.44,0.05,6.41,-3.0
0.47,-0.07,6.48,-3.0
0.46,0.15,6.57,-3.0
0.46,0.01,6.65,-3.0
0.46,0.14,6.72,-3.0
0.45,0.19,6.81,-3.0
0.4,0.17,6.88,-3.0
0.37,0.17,6.96,-3.0
0.38,0.17,7.05,-3.0
0.44,0.18,7.12,-3.0
0.34,0.19,7.2,-3.0
0.4,0.13,7.29,-3.0
0.35,0.18,7.36,-3.0
0.44,0.09,7.45,-3.0
0.39,0.05,7.54,-3.0
0.37,0.14,7.62,-3.0
0.39,0.06,7.71,-3.0
0.37,0.02,7.79,-3.0
0.3,0.1,7.89,-3.0
0.4,0.06,7.97,-3.0
0.37,-0.09,8.06,-3.0
0.32,0.09,8.16,-3.0
0.41,0.02,8.25,-3.0
0.37,0.0,8.35,-3.0
0.36,0.09,8.43,-3.0
0.29,0.01,8.52,-3.0
0.32,0.04,8.63,-3.0
0.36,-0.02,8.72,-3.0
0.34,-0.11,8.82,-3.0
0.26,-0.07,8.92,-3.0
0.4,-0.12,9.03,-3.0
0.4,-0.28,9.13,-3.0
0.41,-0.16,9.23,-3.0
0.38,-0.33,9.33,-3.0
0.3,-0.28,9.44,-3.0
0.38,-0.26,9.54,-3.0
0.42,-0.38,9.64,-3.0
0.38,-0.29,9.75,-3.0
0.38,-0.32,9.85,-3.0
0.39,-0.27,9.95,-3.0
0.44,-0.3,10.05,-3.0
0.44,-0.29,10.16,-3.0
0.41,-0.13,10.26,-3.0
0.41,-0.15,10.36,-3.0
0.32,-0.05,10.46,-3.0
0.42,-0.07,10.56,-3.0
0.44,-0.11,10.66,-3.0
0.37,0.07,10.75,-3.0
0.44,0.02,10.85,-3.0
0.37,-0.01,10.93,-3.0
0.44,0.05,11.03,-3.0
0.41,0.12,11.12,-3.0
0.44,0.09,11.21,-3.0
0.46,0.17,11.3,-3.0
0.4,0.14,11.38,-3.0
0.43,0.12,11.48,-3.0
0.39,0.26,11.56,-3.0
0.44,0.21,11.66,-3.0
0.41,0.21,11.74,-3.0
0.4,0.27,11.83,-3.0
0.39,0.22,11.92,-3.0
0.38,0.16,12.01,-3.0
0.34,0.11,12.1,-3.0
0.4,0.09,12.19,-3.0
0.41,0.06,12.28,-3.0
0.37,0.04,12.38,-3.0
0.34,0.04,12.47,-3.0
0.36,0.01,12.57,-3.0
0.47,0.06,12.66,-3.0
0.41,0.02,12.74,-3.0
0.37,0.13,12.84,-3.0
0.37,0.05,12.93,-3.0
0.4,0.01,13.03,-3.0
0.39,0.13,13.12,-3.0
0.32,0.18,13.22,-3.0
0.38,0.07,13.31,-3.0
0.4,0.21,13.4,-3.0
0.35,0.25,13.5,-3.0
0.38,0.2,13.59,-3.0
0.26,0.27,13.69,-3.0
0.38,0.23,13.78,-3.0
0.29,0.23,13.88,-3.0
0.35,0.24,13.97,-3.0
0.4,0.15,14.06,-3.0
0.24,0.14,14.17,0.0
0.26,0.33,14.26,0.0
0.23,0.76,14.35,0.0
0.23,1.31,14.43,0.0
0.22,1.76,14.49,0.0
0.19,2.09,14.56,0.0
0.12,2.29,14.61,0.0
0.11,2.31,14.66,0.0
0.07,2.11,14.71,0.0
0.04,1.78,14.78,0.0
-0.02,1.39,14.84,0.0
-0.09,1.38,14.91,0.0
-0.17,2.94,14.96,0.0
-0.1,3.51,14.99,0.0
-0.22,2.44,15.02,0.0
-0.35,1.86,15.06,0.0
-0.38,1.53,15.11,0.0
-0.42,1.1,15.17,0.0
-0.46,0.48,15.25,0.0
-0.44,0.08,15.32,0.0
-0.33,-0.47,15.4,0.0
-0.3,-0.72,15.5,0.0
-0.38,-0.93,15.6,0.0
-0.4,-1.09,15.7,0.0
-0.34,-1.17,15.8,0.0
-0.3,-1.31,15.9,0.0
-0.22,-1.34,15.99,0.0
-0.21,-1.39,16.08,0.0
-0.27,-1.34,16.18,0.0
-0.16,-1.23,16.27,0.0
-0.11,-1.32,16.36,0.0
-0.07,-1.37,16.45,0.0
-0.07,-1.24,16.54,0.0
-0.09,-1.3,16.61,0.0
-0.05,-1.19,16.69,0.0
-0.01,-1.1,16.77,0.0
0.04,-0.98,16.84,0.0
0.03,-0.79,16.9,0.0
0.11,-0.71,16.95,0.0
0.1,-0.48,17.02,0.0
0.08,-0.38,17.06,0.0
0.1,-0.11,17.11,0.0
0.11,0.02,17.15,0.0
0.11,0.27,17.18,0.0
0.1,0.34,17.22,0.0
0.09,0.62,17.24,0.0
0.11,0.62,17.27,0.0
0.07,0.69,17.29,0.0
0.02,0.84,17.31,0.0
0.02,1.11,17.32,0.0
0.02,1.01,17.33,0.0
-0.02,0.99,17.34,0.0
-0.03,0.75,17.36,0.0
-0.04,0.65,17.37,0.0
-0.08,0.63,17.39,0.0
-0.1,0.8,17.4,0.0
-0.08,0.58,17.43,0.0
-0.11,0.34,17.45,0.0
-0.11,0.14,17.47,0.0
-0.14,0.04,17.49,0.0
-0.12,-0.08,17.52,0.0
-0.1,-0.32,17.55,0.0
-0.13,-0.5,17.58,0.0
-0.09,-0.53,17.61,0.0
-0.09,-0.88,17.66,0.0
-0.07,-0.69,17.69,0.0
-0.02,-1.05,17.73,0.0
-0.05,-0.86,17.77,0.0
0.02,-0.82,17.8,0.0
0.01,-0.94,17.83,0.0
0.03,-0.63,17.87,0.0
0.06,-0.73,17.9,0.0
0.04,-0.49,17.92,0.0
0.09,-0.34,17.94,0.0
0.1,-0.4,17.96,0.0
0.08,-0.18,17.98,0.0
0.08,-0.11,17.99,0.0
0.05,0.42,18.0,0.0
0.12,0.57,18.0,0.0
0.09,0.39,18.0,0.0
0.06,0.31,18.0,0.0
0.06,0.34,18.0,0.0
0.05,0.26,18.0,0.0
0.04,0.25,18.0,0.0
0.04,0.22,18.0,0.0
0.03,0.17,18.0,0.0
0.04,0.16,18.0,0.0
0.02,0.11,18.0,0.0
0.02,0.09,18.0,0.0
0.03,0.05,18.0,0.0
0.02,0.02,18.0,0.0
0.03,-0.01,18.0,0.0
0.03,-0.05,18.0,0.0
0.03,-0.08,18.0,0.0
0.04,-0.11,18.0,0.0
0.03,-0.13,18.0,0.0
0.04,-0.16,18.0,0.0
0.05,-0.18,18.0,0.0
0.05,-0.2,18.0,0.0
0.05,-0.22,18.0,0.0
0.06,-0.23,18.0,0.0
0.07,-0.24,18.0,0.0
0.07,-0.25,18.0,0.0
0.08,-0.26,18.0,0.0
0.09,-0.27,18.0,0.0
0.1,-0.27,18.0,0.0
0.11,-0.27,18.0,0.0
0.1,-0.27,18.0,0.0
0.11,-0.26,18.0,0.0
0.12,-0.26,18.0,0.0
0.12,-0.25,18.0,3.0
-0.06,0.82,17.99,3.0
0.09,1.75,17.95,3.0
0.06,2.05,17.91,3.0
0.03,2.61,17.84,3.0
-0.04,2.74,17.78,3.0
-0.15,2.86,17.72,3.0
-0.22,2.58,17.66,3.0
-0.25,2.48,17.59,3.0
-0.3,2.07,17.53,3.0
-0.34,1.71,17.48,3.0
-0.41,1.19,17.44,3.0
-0.39,0.76,17.4,3.0
-0.63,0.41,17.37,3.0
-0.53,-0.1,17.35,3.0
-0.35,-0.35,17.34,3.0
-0.47,-0.65,17.34,3.0
-0.41,-1.02,17.33,3.0
-0.29,-0.9,17.33,3.0
-0.25,-1.03,17.33,3.0
-0.43,-1.07,17.33,3.0
-0.21,-1.07,17.32,3.0
-0.21,-1.12,17.32,3.0
-0.27,-1.15,17.32,3.0
-0.16,-1.17,17.32,3.0
-0.15,-1.18,17.32,3.0
-0.22,-1.19,17.32,3.0
-0.04,-0.99,17.32,3.0
-0.03,-0.63,17.3,3.0
-0.1,-0.22,17.28,3.0
-0.16,0.05,17.26,3.0
-0.1,0.12,17.23,3.0
-0.06,0.49,17.18,3.0
-0.22,0.62,17.14,3.0
-0.05,0.86,17.1,3.0
-0.22,0.96,17.05,3.0
-0.13,1.02,17.0,3.0
-0.14,0.81,16.94,3.0
-0.25,0.86,16.89,3.0
-0.12,0.6,16.85,3.0
-0.21,0.66,16.8,3.0
-0.33,0.46,16.76,3.0
-0.2,0.27,16.71,3.0
-0.24,0.13,16.67,3.0
-0.33,-0.2,16.64,3.0
-0.25,-0.25,16.61,3.0
-0.24,-0.27,16.57,3.0
-0.32,-0.5,16.54,3.0
-0.29,-0.59,16.5,3.0
-0.18,-0.57,16.47,3.0
-0.26,-0.64,16.44,3.0
-0.37,-0.63,16.41,3.0
-0.28,-0.72,16.38,3.0
-0.08,-0.63,16.35,3.0
-0.14,-0.44,16.3,3.0
-0.16,-0.5,16.26,3.0
-0.21,-0.18,16.22,3.0
-0.07,-0.11,16.17,3.0
-0.21,-0.04,16.12,3.0
-0.15,0.11,16.06,3.0
-0.08,0.1,16.0,3.0
-0.11,0.23,15.95,3.0
-0.15,0.08,15.89,3.0
-0.18,0.23,15.82,3.0
-0.11,0.15,15.76,3.0
-0.11,0.11,15.7,3.0
-0.15,0.02,15.65,3.0
-0.16,0.01,15.58,3.0
-0.18,-0.15,15.52,3.0
-0.08,-0.08,15.46,3.0
-0.26,-0.21,15.39,3.0
-0.22,-0.25,15.33,3.0
-0.08,-0.31,15.27,3.0
-0.25,-0.24,15.21,3.0
-0.13,-0.33,15.14,3.0
-0.17,-0.25,15.08,3.0
-0.05,-0.34,15.02,3.0
-0.08,-0.21,14.94,3.0
-0.09,-0.27,14.88,3.0
-0.14,-0.31,14.82,3.0
-0.06,-0.22,14.74,3.0
-0.04,-0.28,14.68,3.0
-0.1,-0.14,14.61,3.0
0.03,-0.24,14.54,3.0
-0.08,-0.01,14.47,3.0
-0.13,-0.01,14.4,3.0
0.0,0.02,14.33,3.0
-0.15,0.02,14.25,3.0
0.11,-0.01,14.18,3.0
-0.03,0.24,14.11,3.0
-0.13,0.11,14.04,3.0
-0.15,0.14,13.97,3.0
-0.15,0.13,13.9,3.0
0.07,0.09,13.82,3.0
-0.16,0.31,13.75,3.0
-0.09,0.08,13.68,3.0
-0.15,0.25,13.61,3.0
-0.16,0.15,13.54,3.0
-0.09,0.04,13.47,3.0
-0.14,0.22,13.4,3.0
-0.09,0.13,13.33,3.0
-0.17,0.18,13.26,3.0
-0.12,0.05,13.19,3.0
-0.04,0.03,13.12,3.0
-0.08,0.08,13.06,3.0
-0.12,0.03,12.99,3.0
-0.15,0.06,12.92,3.0
-0.2,0.07,12.86,3.0
-0.1,0.09,12.79,3.0
-0.18,0.12,12.71,3.0
-0.1,-0.03,12.65,3.0
-0.14,0.18,12.58,3.0
-0.17,-0.06,12.51,3.0
-0.08,-0.0,12.44,3.0
-0.11,0.06,12.37,3.0
-0.12,-0.14,12.29,3.0
-0.15,0.07,12.22,3.0
-0.08,-0.18,12.16,3.0
-0.21,0.04,12.08,3.0
-0.24,0.05,12.01,3.0
-0.18,-0.08,11.94,3.0
-0.23,0.03,11.86,3.0
-0.12,-0.02,11.79,3.0
-0.23,-0.0,11.72,3.0
-0.06,-0.11,11.64,3.0
-0.05,-0.08,11.57,3.0
-0.22,-0.08,11.49,3.0
-0.15,-0.2,11.41,3.0
-0.09,-0.27,11.34,3.0
-0.1,-0.13,11.26,3.0
-0.17,-0.24,11.18,3.0
-0.15,-0.26,11.1,3.0
-0.11,-0.09,11.03,3.0
-0.24,-0.14,10.94,3.0
-0.16,-0.13,10.86,3.0
-0.08,0.02,10.78,3.0
-0.11,-0.1,10.7,3.0
-0.1,-0.09,10.62,3.0
-0.19,-0.05,10.52,3.0
-0.08,-0.05,10.44,3.0
-0.01,-0.15,10.36,3.0
-0.06,-0.13,10.27,3.0
-0.13,-0.1,10.18,3.0
-0.13,-0.1,10.09,3.0
-0.05,-0.23,10.01,3.0
-0.05,-0.2,9.92,3.0
0.02,-0.18,9.83,3.0
-0.05,-0.22,9.75,3.0
-0.08,-0.3,9.66,3.0
-0.14,-0.21,9.57,3.0
-0.08,-0.13,9.48,3.0
-0.06,-0.18,9.39,3.0
-0.08,-0.23,9.3,3.0
-0.11,-0.2,9.2,3.0
-0.04,-0.14,9.11,3.0
-0.1,-0.22,9.02,3.0
-0.09,-0.23,8.92,3.0
0.02,-0.22,8.83,3.0
-0.09,-0.2,8.73,3.0
-0.04,-0.14,8.64,3.0
0.06,-0.17,8.53,3.0
0.02,-0.27,8.44,3.0
0.06,-0.23,8.35,3.0
0.1,-0.17,8.25,3.0
0.06,-0.28,8.16,3.0
0.12,-0.2,8.06,3.0
0.15,-0.08,7.97,3.0
0.05,0.02,7.87,3.0
0.04,0.08,7.79,3.0
0.02,0.05,7.7,3.0
0.08,0.06,7.6,3.0
0.08,0.18,7.51,3.0
-0.06,0.23,7.42,3.0
0.01,0.18,7.33,3.0
0.01,0.26,7.24,3.0
0.09,0.21,7.14,3.0
-0.09,0.29,7.05,3.0
0.03,0.41,6.95,3.0
0.05,0.23,6.86,3.0
-0.04,0.22,6.78,3.0
0.07,0.25,6.68,3.0
-0.03,0.36,6.59,3.0
-0.04,0.33,6.49,3.0
-0.02,0.15,6.41,3.0
0.09,0.13,6.31,3.0
-0.02,0.22,6.22,3.0
-0.07,0.27,6.13,3.0
-0.04,0.2,6.04,3.0
-0.06,0.12,5.95,3.0
-0.14,0.07,5.85,3.0
-0.18,0.15,5.77,3.0
-0.05,0.04,5.68,3.0
-0.07,-0.07,5.59,3.0
-0.13,0.03,5.5,3.0
-0.17,-0.03,5.4,3.0
-0.12,-0.09,5.32,3.0
-0.05,-0.04,5.23,3.0
-0.04,-0.1,5.13,3.0
-0.05,-0.09,5.04,3.0
-0.04,0.02,4.94,3.0
-0.01,-0.06,4.86,3.0
-0.14,-0.07,4.76,3.0
-0.08,0.02,4.67,3.0
-0.09,0.05,4.59,3.0
0.06,-0.02,4.49,3.0
-0.07,-0.0,4.41,3.0
-0.03,-0.06,4.31,3.0
-0.11,-0.01,4.22,3.0
-0.08,0.01,4.13,3.0
0.01,-0.1,4.04,3.0
-0.1,-0.15,3.95,3.0
-0.16,-0.11,3.85,3.0
-0.08,-0.01,3.76,3.0
-0.08,-0.06,3.67,3.0
-0.13,-0.12,3.57,3.0
0.04,-0.2,3.48,3.0
-0.11,-0.13,3.39,3.0
-0.03,-0.17,3.3,3.0
0.03,-0.27,3.2,0.0
0.02,-0.58,3.11,0.0
0.02,-1.28,3.04,0.0
0.07,-1.91,2.97,0.0
0.14,-2.39,2.92,0.0
0.13,-2.67,2.88,0.0
0.21,-2.71,2.84,0.0
0.24,-2.53,2.8,0.0
0.26,-2.1,2.74,0.0
0.27,-1.52,2.68,0.0
0.34,-0.86,2.61,0.0
0.31,-0.37,2.53,0.0
0.49,-0.39,2.44,0.0
1.28,-2.72,2.38,0.0
0.48,-3.81,2.37,0.0
0.47,-2.76,2.35,0.0
0.6,-1.99,2.3,0.0
0.76,-2.11,2.26,0.0
0.61,-1.41,2.22,0.0
0.77,-1.25,2.17,0.0
0.69,-0.62,2.1,0.0
0.78,-0.4,2.04,0.0
0.67,0.31,1.97,0.0
0.84,0.35,1.9,0.0
0.75,0.62,1.82,0.0
0.81,0.88,1.74,0.0
0.73,1.08,1.67,0.0
0.72,1.12,1.58,0.0
0.72,1.2,1.51,0.0
0.65,1.42,1.42,0.0
0.75,1.22,1.35,0.0
0.57,1.29,1.28,0.0
0.58,1.45,1.19,0.0
0.62,1.5,1.12,0.0
0.58,1.32,1.05,0.0
0.5,1.26,0.98,0.0
0.44,1.3,0.91,0.0
0.44,1.3,0.85,0.0
0.43,1.19,0.79,0.0
0.42,1.09,0.72,0.0
0.38,1.04,0.67,0.0
0.36,1.02,0.62,0.0
0.33,0.97,0.57,0.0
0.32,0.89,0.51,0.0
0.3,0.75,0.46,0.0
0.27,0.67,0.42,0.0
0.27,0.48,0.38,0.0
0.28,0.28,0.34,0.0
0.24,0.11,0.3,0.0
0.22,-0.04,0.27,0.0
0.26,-0.2,0.24,0.0
0.25,-0.49,0.22,0.0
0.24,-0.53,0.2,0.0
0.25,-0.47,0.18,0.0
0.31,-0.73,0.16,0.0
0.33,-0.87,0.15,0.0
0.38,-0.98,0.15,0.0
0.33,-0.95,0.14,0.0
0.38,-0.85,0.13,0.0
0.38,-0.82,0.13,0.0
0.41,-0.76,0.13,0.0
0.43,-0.72,0.12,0.0
0.44,-0.7,0.12,0.0
0.44,-0.68,0.12,0.0
0.46,-0.61,0.12,0.0
0.47,-0.53,0.12,0.0
0.47,-0.45,0.12,0.0
0.5,-0.36,0.12,0.0
0.5,-0.29,0.1,0.0
0.5,-0.22,0.1,0.0
0.51,-0.16,0.1,0.0
0.52,-0.1,0.1,0.0
0.5,-0.06,0.1,0.0
0.51,0.01,0.1,0.0
0.51,0.07,0.1,0.0
0.51,0.12,0.1,0.0
0.5,0.18,0.1,0.0
0.51,0.24,0.1,0.0
0.48,0.3,0.1,0.0
0.48,0.35,0.1,0.0
0.48,0.4,0.1,0.0
0.47,0.45,0.1,0.0
0.45,0.5,0.1,0.0
0.45,0.55,0.1,0.0
0.43,0.59,0.1,0.0
0.42,0.64,0.1,0.0
0.41,0.68,0.1,0.0
0.4,0.72,0.1,0.0
0.38,0.76,0.1,0.0
0.36,0.8,0.1,0.0
0.36,0.84,0.1,0.0
0.33,0.88,0.1,0.0
0.31,0.92,0.1,0.0
0.29,0.93,0.1,0.0
0.26,0.9,0.1,0.0
0.24,0.82,0.1,0.0
0.22,0.74,0.12,0.0
0.19,0.7,0.12,0.0
0.17,0.68,0.13,0.0
0.18,0.62,0.13,0.0
0.17,0.55,0.14,0.0
0.16,0.47,0.14,0.0
0.15,0.38,0.15,0.0
0.14,0.28,0.16,0.0
0.13,0.2,0.17,0.0
0.12,0.13,0.18,0.0
0.11,0.06,0.19,0.0
0.11,-0.02,0.2,0.0
0.13,-0.12,0.22,0.0
0.12,-0.2,0.23,0.0
0.13,-0.2,0.24,0.0
0.13,-0.2,0.26,0.0
0.13,-0.17,0.27,0.0
0.13,-0.11,0.28,0.0
0.13,-0.03,0.29,0.0
0.13,0.06,0.3,0.0
0.13,0.14,0.3,0.0
0.12,0.22,0.3,0.0
0.12,0.27,0.31,-3.0
0.1,0.29,0.31,-3.0
0.23,-0.13,0.32,-3.0
0.28,-1.05,0.35,-3.0
0.44,-2.59,0.39,-3.0
0.37,-3.65,0.46,-3.0
0.33,-3.63,0.54,-3.0
0.4,-3.46,0.63,-3.0
0.51,-3.44,0.71,-3.0
0.51,-2.93,0.79,-3.0
0.58,-2.5,0.86,-3.0
0.64,-2.06,0.91,-3.0
0.67,-1.5,0.96,-3.0
0.68,-0.91,0.99,-3.0
0.68,-0.32,1.03,-3.0
0.75,0.12,1.04,-3.0
0.71,0.49,1.05,-3.0
0.71,1.12,1.04,-3.0
0.77,1.19,1.04,-3.0
0.78,1.0,1.04,-3.0
0.66,0.98,1.04,-3.0
0.67,1.18,1.04,-3.0
0.66,1.14,1.04,-3.0
0.59,1.23,1.04,-3.0
0.59,1.28,1.04,-3.0
0.57,1.32,1.04,-3.0
0.54,1.34,1.04,-3.0
0.48,1.37,1.05,-3.0
0.49,1.39,1.05,-3.0
0.45,1.36,1.05,-3.0
0.44,1.27,1.05,-3.0
0.38,1.17,1.06,-3.0
0.41,0.8,1.07,-3.0
0.42,0.28,1.09,-3.0
0.38,-0.18,1.12,-3.0
0.39,-0.48,1.16,-3.0
0.42,-0.83,1.21,-3.0
0.35,-0.96,1.27,-3.0
0.5,-1.18,1.32,-3.0
0.46,-1.27,1.38,-3.0
0.48,-1.22,1.45,-3.0
0.43,-1.21,1.51,-3.0
0.56,-1.0,1.57,-3.0
0.51,-0.89,1.63,-3.0
0.51,-0.74,1.69,-3.0
0.48,-0.46,1.75,-3.0
0.55,-0.22,1.79,-3.0
0.58,-0.11,1.84,-3.0
0.56,0.18,1.88,-3.0
0.61,0.25,1.93,-3.0
0.57,0.52,1.96,-3.0
0.54,0.59,1.99,-3.0
0.54,0.75,2.02,-3.0
0.56,0.83,2.05,-3.0
0.49,0.83,2.08,-3.0
0.51,0.79,2.12,-3.0
0.52,0.64,2.16,-3.0
0.42,0.64,2.2,-3.0
0.51,0.48,2.23,-3.0
0.48,0.36,2.28,-3.0
0.43,0.41,2.32,-3.0
0.46,0.16,2.38,-3.0
0.45,-0.0,2.43,-3.0
0.36,0.0,2.48,-3.0
0.49,-0.35,2.54,-3.0
0.44,-0.18,2.61,-3.0
0.44,-0.44,2.67,-3.0
0.48,-0.5,2.74,-3.0
0.45,-0.57,2.81,-3.0
0.48,-0.45,2.88,-3.0
0.42,-0.5,2.94,-3.0
0.53,-0.54,3.02,-3.0
0.48,-0.46,3.09,-3.0
0.51,-0.37,3.15,-3.0
0.52,-0.29,3.21,-3.0
0.53,-0.26,3.29,-3.0
0.5,-0.16,3.35,-3.0
0.55,-0.01,3.41,-3.0
0.54,-0.0,3.48,-3.0
0.5,-0.04,3.53,-3.0
0.53,0.1,3.59,-3.0
0.45,0.17,3.64,-3.0
0.55,0.1,3.71,-3.0
0.48,0.14,3.76,-3.0
0.51,0.08,3.81,-3.0
0.51,0.12,3.87,-3.0
0.51,0.17,3.93,-3.0
0.53,0.02,3.98,-3.0
0.53,0.07,4.04,-3.0
0.45,0.02,4.09,-3.0
0.53,0.07,4.16,-3.0
0.55,-0.04,4.21,-3.0
0.5,0.01,4.27,-3.0
0.5,-0.05,4.34,-3.0
0.52,0.02,4.4,-3.0
0.53,0.01,4.46,-3.0
0.5,-0.01,4.52,-3.0
0.53,0.13,4.59,-3.0
0.49,0.16,4.65,-3.0
0.46,0.14,4.71,-3.0
0.49,0.04,4.78,-3.0
0.5,0.13,4.84,-3.0
0.5,0.1,4.9,-3.0
0.44,0.26,4.95,-3.0
0.51,0.12,5.02,-3.0
0.47,0.26,5.09,-3.0
0.48,0.19,5.15,-3.0
0.44,0.36,5.22,-3.0
0.44,0.2,5.28,-3.0
0.46,0.33,5.34,-3.0
0.46,0.23,5.4,-3.0
0.43,0.39,5.48,-3.0
0.46,0.24,5.54,-3.0
0.41,0.26,5.61,-3.0
0.41,0.21,5.68,-3.0
0.45,0.25,5.75,-3.0
0.4,0.16,5.82,-3.0
0.4,0.16,5.9,-3.0
0.43,0.09,5.97,-3.0
0.41,0.11,6.04,-3.0
0.42,0.03,6.12,-3.0
0.45,-0.01,6.2,-3.0
0.33,0.07,6.28,-3.0
0.4,0.02,6.36,-3.0
0.44,0.03,6.43,-3.0
0.4,0.06,6.51,-3.0
0.43,0.11,6.59,-3.0
0.46,0.13,6.67,-3.0
0.5,0.09,6.75,-3.0
0.38,0.21,6.83,-3.0
0.46,0.16,6.9,-3.0
0.42,0.18,6.98,-3.0
0.4,0.22,7.07,-3.0
0.42,0.18,7.14,-3.0
0.34,0.22,7.23,-3.0
0.34,0.14,7.31,-3.0
0.44,0.14,7.39,-3.0
0.33,0.11,7.48,-3.0
0.33,0.08,7.56,-3.0
0.42,0.13,7.64,-3.0
0.37,0.1,7.74,-3.0
0.34,0.02,7.82,-3.0
0.28,0.11,7.92,-3.0
0.34,0.04,8.0,-3.0
0.35,0.05,8.09,-3.0
0.38,0.08,8.19,-3.0
0.33,0.02,8.27,-3.0
0.32,0.11,8.37,-3.0
0.24,0.17,8.46,-3.0
0.41,0.02,8.56,-3.0
0.32,0.14,8.65,-3.0
0.45,-0.03,8.74,-3.0
0.35,-0.12,8.85,-3.0
0.33,-0.07,8.95,-3.0
0.3,-0.19,9.05,-3.0
0.3,-0.21,9.15,-3.0
0.4,-0.15,9.26,-3.0
0.37,-0.36,9.36,-3.0
0.32,-0.25,9.47,-3.0
0.37,-0.35,9.57,-3.0
0.36,-0.42,9.68,-3.0
0.38,-0.31,9.78,-3.0
0.35,-0.39,9.89,-3.0
0.39,-0.26,9.98,-3.0
0.38,-0.26,10.08,-3.0
0.4,-0.27,10.19,-3.0
0.42,-0.19,10.29,-3.0
0.44,-0.22,10.39,-3.0
0.43,-0.04,10.49,-3.0
0.37,-0.12,10.59,-3.0
0.52,-0.11,10.69,-3.0
0.44,0.01,10.79,-3.0
0.46,-0.01,10.88,-3.0
0.37,0.11,10.97,-3.0
0.44,0.09,11.06,-3.0
0.43,0.14,11.15,-3.0
0.33,0.18,11.24,-3.0
0.42,0.17,11.33,-3.0
0.45,0.2,11.41,-3.0
0.35,0.25,11.51,-3.0
0.4,0.19,11.59,-3.0
0.46,0.23,11.68,-3.0
0.4,0.29,11.77,-3.0
0.41,0.19,11.85,-3.0
0.39,0.13,11.95,-3.0
0.38,0.19,12.03,-3.0
0.3,0.11,12.13,-3.0
0.45,0.0,12.22,-3.0
0.29,0.04,12.32,-3.0
0.39,0.04,12.41,-3.0
0.35,-0.02,12.5,-3.0
0.4,-0.02,12.6,-3.0
0.32,0.05,12.69,-3.0
0.39,0.09,12.79,-3.0
0.24,0.11,12.88,-3.0
0.4,0.12,12.97,-3.0
0.37,0.11,13.07,-3.0
0.37,0.13,13.16,-3.0
0.36,0.18,13.26,-3.0
0.32,0.18,13.35,-3.0
0.38,0.29,13.45,-3.0
0.34,0.22,13.54,-3.0
0.3,0.22,13.63,-3.0
0.33,0.31,13.72,-3.0
0.39,0.17,13.81,-3.0
0.31,0.24,13.92,-3.0
0.41,0.2,14.01,-3.0
0.33,0.06,14.11,-3.0
0.31,0.14,14.21,-3.0
0.33,0.01,14.32,-3.0
0.29,0.07,14.42,-3.0
0.35,0.03,14.51,-3.0
0.35,-0.09,14.63,-3.0
0.28,0.06,14.73,-3.0
0.32,-0.07,14.85,-3.0
0.3,0.02,14.96,-3.0
0.33,-0.08,15.07,-3.0
0.31,-0.18,15.18,-3.0
0.29,-0.17,15.3,-3.0
0.3,-0.27,15.41,-3.0
0.31,-0.24,15.53,-3.0
0.34,-0.32,15.66,-3.0
0.3,-0.17,15.77,-3.0
0.33,-0.26,15.89,0.0
0.28,0.18,15.99,0.0
0.27,0.83,16.08,0.0
0.26,1.43,16.16,0.0
0.23,1.95,16.22,0.0
0.2,2.31,16.27,0.0
0.18,2.46,16.32,0.0
0.15,2.42,16.37,0.0
0.11,2.16,16.41,0.0
0.07,1.72,16.47,0.0
0.02,1.04,16.54,0.0
0.11,0.29,16.62,0.0
-0.19,-0.44,16.71,0.0
-0.13,0.55,16.82,0.0
-0.13,3.73,16.85,0.0
-0.09,3.12,16.86,0.0
-0.12,1.8,16.9,0.0
-0.17,0.5,16.96,0.0
-0.32,1.17,17.04,0.0
-0.29,1.23,17.09,0.0
-0.31,0.43,17.15,0.0
-0.33,0.1,17.23,0.0
-0.38,-0.22,17.31,0.0
-0.32,-0.38,17.39,0.0
-0.32,-0.47,17.49,0.0
-0.3,-0.69,17.57,0.0
-0.3,-0.87,17.67,0.0
-0.23,-0.98,17.76,0.0
-0.25,-0.91,17.85,0.0
-0.19,-0.87,17.94,0.0
-0.12,-1.08,18.02,0.0
-0.2,-0.96,18.12,0.0
-0.19,-0.94,18.19,0.0
-0.14,-0.97,18.27,0.0
-0.1,-0.92,18.36,0.0
-0.07,-0.76,18.43,0.0
-0.08,-0.78,18.5,0.0
-0.03,-0.84,18.58,0.0
0.02,-0.62,18.65,0.0
0.01,-0.64,18.71,0.0
0.02,-0.37,18.77,0.0
-0.05,-0.36,18.83,0.0
0.04,-0.17,18.88,0.0
-0.0,-0.12,18.93,0.0
0.02,0.09,18.99,0.0
0.0,0.11,19.03,0.0
-0.03,0.21,19.06,0.0
0.04,0.46,19.1,0.0
0.02,0.36,19.13,0.0
-0.02,0.6,19.16,0.0
0.01,0.55,19.2,0.0
0.01,0.55,19.22,0.0
-0.02,0.69,19.25,0.0
-0.05,0.51,19.27,0.0
-0.05,0.52,19.3,0.0
-0.09,0.44,19.32,0.0
-0.06,0.55,19.35,0.0
-0.09,0.2,19.37,0.0
-0.11,0.27,19.4,0.0
-0.1,0.25,19.44,0.0
-0.11,0.01,19.46,0.0
-0.1,-0.18,19.49,0.0
-0.09,-0.05,19.52,0.0
-0.1,-0.32,19.56,0.0
-0.09,-0.28,19.59,0.0
-0.03,-0.45,19.62,0.0
-0.08,-0.48,19.67,0.0
-0.06,-0.41,19.7,0.0
-0.01,-0.65,19.73,0.0
-0.07,-0.47,19.77,0.0
-0.02,-0.44,19.8,0.0
-0.02,-0.65,19.83,0.0
-0.05,-0.34,19.87,0.0
0.01,-0.41,19.89,0.0
0.01,-0.34,19.92,0.0
-0.01,-0.13,19.94,0.0
0.04,-0.02,19.96,0.0
0.04,-0.08,19.97,0.0
0.04,-0.05,19.99,0.0
0.03,-0.02,20.0,0.0
0.01,0.13,20.01,0.0
-0.01,0.5,20.02,0.0
0.02,0.68,20.02,0.0
0.02,0.45,20.02,0.0
-0.02,0.45,20.02,0.0
-0.02,0.47,20.02,0.0
-0.03,0.37,20.02,0.0
-0.04,0.39,20.02,0.0
-0.05,0.33,20.02,0.0
-0.06,0.3,20.02,0.0
-0.06,0.27,20.02,0.0
-0.07,0.22,20.02,0.0
-0.07,0.2,20.02,0.0
-0.08,0.15,20.02,0.0
-0.08,0.12,20.02,0.0
-0.08,0.08,20.02,0.0
-0.08,0.04,20.02,0.0
-0.08,0.01,20.02,0.0
-0.08,-0.02,20.02,0.0
-0.08,-0.06,20.02,0.0
-0.08,-0.09,20.02,0.0
-0.07,-0.12,20.02,0.0
-0.07,-0.15,20.02,0.0
-0.07,-0.18,20.02,0.0
-0.06,-0.2,20.02,0.0
-0.05,-0.22,20.02,0.0
-0.05,-0.23,20.02,0.0
-0.04,-0.25,20.02,0.0
-0.03,-0.26,20.02,0.0
-0.03,-0.27,20.02,3.0
0.02,0.36,20.01,3.0
-0.1,0.72,19.99,3.0
-0.07,1.05,19.97,3.0
-0.08,1.11,19.94,3.0
-0.12,1.46,19.9,3.0
-0.15,1.41,19.87,3.0
-0.15,1.41,19.82,3.0
-0.2,1.25,19.78,3.0
-0.11,1.17,19.75,3.0
-0.33,1.02,19.72,3.0
-0.42,0.75,19.69,3.0
-0.3,0.74,19.66,3.0
-0.27,0.48,19.62,3.0
-0.35,0.12,19.61,3.0
-0.31,-0.3,19.59,3.0
-0.23,-0.48,19.59,3.0
-0.42,-0.51,19.58,3.0
-0.37,-0.55,19.57,3.0
-0.28,-0.74,19.57,3.0
-0.26,-0.92,19.57,3.0
-0.24,-0.87,19.57,3.0
-0.28,-0.93,19.57,3.0
-0.12,-0.92,19.57,3.0
-0.22,-0.97,19.57,3.0
-0.15,-0.96,19.57,3.0
-0.14,-0.94,19.56,3.0
-0.09,-0.78,19.56,3.0
-0.1,-0.54,19.55,3.0
-0.1,-0.15,19.53,3.0
0.01,0.1,19.51,3.0
-0.14,0.53,19.48,3.0
-0.05,0.5,19.45,3.0
-0.17,0.92,19.4,3.0
-0.09,1.06,19.36,3.0
-0.16,1.04,19.31,3.0
-0.04,0.98,19.27,3.0
-0.19,0.95,19.22,3.0
-0.25,0.9,19.17,3.0
-0.27,0.95,19.12,3.0
-0.32,0.65,19.08,3.0
-0.1,0.56,19.04,3.0
-0.35,0.21,19.0,3.0
-0.31,0.11,18.96,3.0
-0.22,0.01,18.93,3.0
-0.33,-0.09,18.9,3.0
-0.41,-0.32,18.87,3.0
-0.16,-0.35,18.85,3.0
-0.14,-0.46,18.82,3.0
-0.19,-0.5,18.8,3.0
-0.25,-0.61,18.77,3.0
-0.24,-0.64,18.74,3.0
-0.21,-0.58,18.71,3.0
-0.16,-0.37,18.68,3.0
-0.22,-0.37,18.65,3.0
-0.21,-0.3,18.62,3.0
-0.11,-0.19,18.58,3.0
-0.14,-0.03,18.54,3.0
-0.16,-0.08,18.49,3.0
-0.03,-0.04,18.45,3.0
-0.1,0.2,18.41,3.0
-0.26,0.13,18.36,3.0
-0.26,0.29,18.32,3.0
-0.21,0.13,18.26,3.0
-0.19,0.17,18.21,3.0
-0.09,0.1,18.17,3.0
-0.12,0.16,18.12,3.0
-0.24,0.19,18.06,3.0
-0.16,0.02,18.01,3.0
-0.19,0.04,17.96,3.0
-0.25,-0.17,17.91,3.0
-0.2,-0.07,17.85,3.0
-0.31,-0.14,17.8,3.0
-0.07,-0.18,17.75,3.0
-0.07,-0.18,17.7,3.0
-0.19,-0.33,17.66,3.0
-0.24,-0.17,17.59,3.0
-0.21,-0.2,17.54,3.0
-0.22,-0.17,17.49,3.0
-0.09,-0.26,17.44,3.0
-0.23,-0.15,17.38,3.0
-0.21,-0.2,17.32,3.0
-0.12,0.0,17.27,3.0
-0.14,-0.18,17.21,3.0
-0.17,-0.03,17.14,3.0
-0.09,-0.03,17.08,3.0
-0.21,0.1,17.02,3.0
-0.08,-0.08,16.95,3.0
-0.17,0.11,16.89,3.0
-0.15,0.02,16.83,3.0
-0.18,0.12,16.77,3.0
-0.09,-0.04,16.7,3.0
-0.25,-0.03,16.64,3.0
-0.15,-0.05,16.57,3.0
-0.22,-0.13,16.5,3.0
-0.08,-0.13,16.43,3.0
-0.2,-0.26,16.37,3.0
-0.15,-0.12,16.3,3.0
-0.06,-0.29,16.23,3.0
-0.23,-0.15,16.16,3.0
-0.1,-0.23,16.1,3.0
-0.2,-0.17,16.02,3.0
-0.12,-0.13,15.95,3.0
-0.07,-0.29,15.88,3.0
-0.09,-0.17,15.8,3.0
-0.13,-0.16,15.73,3.0
-0.06,-0.21,15.65,3.0
-0.24,-0.14,15.57,3.0
-0.05,-0.17,15.5,3.0
-0.01,-0.13,15.41,3.0
-0.09,-0.2,15.34,3.0
-0.1,-0.25,15.26,3.0
-0.13,-0.17,15.17,3.0
-0.07,-0.14,15.09,3.0
-0.09,-0.22,15.01,3.0
-0.13,-0.19,14.93,3.0
-0.19,-0.11,14.85,3.0
-0.02,-0.22,14.77,3.0
-0.03,-0.2,14.68,3.0
-0.06,-0.07,14.6,3.0
-0.02,-0.16,14.51,3.0
-0.09,-0.15,14.43,3.0
-0.06,0.01,14.34,3.0
-0.07,-0.03,14.25,3.0
-0.03,-0.03,14.17,3.0
-0.01,0.05,14.08,3.0
-0.12,0.16,14.0,3.0
-0.01,0.06,13.92,3.0
-0.07,0.14,13.83,3.0
-0.08,0.29,13.75,3.0
-0.04,0.12,13.67,3.0
0.09,0.12,13.58,3.0
-0.03,0.31,13.5,3.0
0.02,0.2,13.43,3.0
-0.02,0.2,13.34,3.0
-0.04,0.26,13.26,3.0
-0.05,0.14,13.18,3.0
-0.08,0.19,13.1,3.0
-0.07,0.12,13.02,3.0
-0.04,0.14,12.93,3.0
-0.13,0.12,12.86,3.0
0.03,0.14,12.78,3.0
-0.15,0.22,12.7,3.0
-0.17,-0.02,12.62,3.0
0.02,0.04,12.53,3.0
-0.15,0.17,12.46,3.0
-0.12,-0.04,12.38,3.0
-0.13,-0.12,12.29,3.0
-0.18,0.08,12.22,3.0
-0.12,-0.11,12.14,3.0
-0.1,-0.05,12.05,3.0
-0.09,-0.02,11.97,3.0
-0.22,-0.07,11.89,3.0
-0.05,-0.01,11.8,3.0
0.03,-0.02,11.72,3.0
-0.15,-0.11,11.63,3.0
-0.14,-0.09,11.55,3.0
-0.1,-0.11,11.46,3.0
-0.13,-0.19,11.37,3.0
-0.09,-0.12,11.29,3.0
-0.06,-0.18,11.21,3.0
-0.04,-0.18,11.11,3.0
-0.11,-0.11,11.03,3.0
-0.12,-0.15,10.94,3.0
-0.05,-0.17,10.85,3.0
-0.07,-0.04,10.75,3.0
-0.14,-0.09,10.67,3.0
-0.1,-0.09,10.58,3.0
-0.15,-0.08,10.48,3.0
-0.03,-0.12,10.39,3.0
-0.09,-0.17,10.29,3.0
-0.05,-0.08,10.2,3.0
-0.07,-0.11,10.11,3.0
-0.08,-0.24,10.01,3.0
-0.04,-0.2,9.92,3.0
-0.04,-0.2,9.82,3.0
-0.12,-0.15,9.73,3.0
0.02,-0.16,9.63,3.0
-0.05,-0.16,9.54,3.0
0.02,-0.18,9.45,3.0
-0.06,-0.14,9.35,3.0
-0.11,-0.15,9.25,3.0
0.02,-0.13,9.15,3.0
-0.03,-0.22,9.05,3.0
0.07,-0.26,8.95,3.0
-0.04,-0.16,8.86,3.0
-0.07,-0.21,8.75,3.0
0.01,-0.21,8.65,3.0
0.02,-0.24,8.56,3.0
0.02,-0.25,8.46,3.0
0.03,-0.25,8.36,3.0
0.08,-0.18,8.26,3.0
0.06,-0.28,8.17,3.0
0.09,-0.21,8.06,3.0
0.11,-0.14,7.97,3.0
0.07,-0.06,7.87,3.0
0.12,0.08,7.77,3.0
0.07,0.08,7.68,3.0
0.11,0.11,7.58,3.0
0.11,0.15,7.49,3.0
0.05,0.16,7.39,3.0
0.08,0.29,7.3,3.0
0.05,0.33,7.19,3.0
0.03,0.23,7.1,3.0
0.05,0.27,7.01,3.0
0.14,0.29,6.91,3.0
-0.08,0.35,6.82,3.0
0.05,0.44,6.71,3.0
0.08,0.31,6.62,3.0
0.02,0.28,6.52,3.0
0.06,0.19,6.43,3.0
-0.03,0.26,6.35,3.0
-0.08,0.36,6.24,3.0
-0.03,0.26,6.15,3.0
-0.05,0.17,6.05,3.0
0.07,0.12,5.96,3.0
-0.02,0.06,5.86,3.0
-0.15,0.16,5.77,0.0
0.03,-0.43,5.69,0.0
0.02,-1.3,5.61,0.0
0.06,-2.0,5.56,0.0
0.11,-2.56,5.52,0.0
0.15,-2.89,5.48,0.0
0.22,-2.97,5.46,0.0
0.24,-2.78,5.42,0.0
0.26,-2.37,5.38,0.0
0.29,-1.72,5.34,0.0
0.29,-0.94,5.28,0.0
0.29,-0.06,5.2,0.0
0.29,0.81,5.11,0.0
0.34,1.3,5.01,0.0
1.03,-0.08,4.92,0.0
0.71,-2.91,4.88,0.0
0.33,-2.52,4.86,0.0
0.33,-1.34,4.83,0.0
0.34,-0.09,4.76,0.0
0.75,-0.34,4.69,0.0
0.52,-0.9,4.64,0.0
0.38,-0.38,4.58,0.0
0.53,0.13,4.51,0.0
0.54,0.13,4.44,0.0
0.53,0.32,4.38,0.0
0.52,0.61,4.3,0.0
0.51,0.56,4.23,0.0
0.43,0.68,4.17,0.0
0.44,0.75,4.09,0.0
0.48,0.78,4.02,0.0
0.44,0.69,3.95,0.0
0.43,0.7,3.87,0.0
0.37,0.83,3.81,0.0
0.44,0.75,3.74,0.0
0.39,0.61,3.67,0.0
0.38,0.6,3.6,0.0
0.34,0.68,3.54,0.0
0.35,0.52,3.48,0.0
0.35,0.39,3.41,0.0
0.32,0.36,3.35,0.0
0.3,0.33,3.3,0.0
0.35,0.28,3.24,0.0
0.34,0.11,3.18,0.0
0.3,0.06,3.13,0.0
0.32,-0.03,3.09,0.0
0.3,-0.01,3.04,0.0
0.38,-0.25,2.98,0.0
0.29,-0.22,2.94,0.0
0.37,-0.38,2.9,0.0
0.34,-0.31,2.86,0.0
0.35,-0.51,2.82,0.0
0.34,-0.36,2.78,0.0
0.43,-0.48,2.73,0.0
0.35,-0.56,2.7,0.0
0.41,-0.42,2.67,0.0
0.38,-0.61,2.64,0.0
0.4,-0.4,2.6,0.0
0.45,-0.5,2.57,0.0
0.41,-0.41,2.53,0.0
0.43,-0.12,2.5,0.0
0.48,-0.35,2.46,0.0
0.4,-0.25,2.43,0.0
0.47,-0.02,2.4,0.0
0.46,-0.19,2.37,0.0
0.42,0.12,2.34,0.0
0.54,0.07,2.3,0.0
0.43,0.11,2.27,0.0
0.44,0.45,2.23,0.0
0.48,0.18,2.2,0.0
0.42,0.31,2.17,0.0
0.44,0.43,2.14,0.0
0.44,0.24,2.1,0.0
0.37,0.38,2.08,0.0
0.43,0.43,2.05,0.0
0.42,0.33,2.02,0.0
0.38,0.38,2.0,0.0
0.4,0.48,1.98,0.0
0.44,0.31,1.96,0.0
0.38,0.16,1.94,0.0
0.38,0.18,1.92,0.0
0.36,0.2,1.91,0.0
0.39,0.18,1.9,0.0
0.37,0.06,1.88,0.0
0.36,-0.05,1.87,0.0
0.41,-0.25,1.86,0.0
0.35,-0.39,1.86,0.0
0.36,-0.23,1.86,0.0
0.36,-0.09,1.86,0.0
0.38,-0.06,1.86,0.0
0.36,0.01,1.86,0.0
0.38,0.07,1.86,0.0
0.36,0.11,1.86,0.0
0.37,0.17,1.86,0.0
0.36,0.22,1.86,0.0
0.35,0.26,1.87,0.0
0.34,0.3,1.87,0.0
0.33,0.34,1.87,0.0
0.33,0.37,1.87,0.0
0.33,0.4,1.87,0.0
0.31,0.42,1.87,0.0
0.31,0.43,1.87,0.0
0.3,0.4,1.87,0.0
0.29,0.36,1.87,0.0
0.28,0.33,1.88,0.0
0.27,0.31,1.88,0.0
0.26,0.31,1.88,0.0
0.25,0.35,1.9,0.0
0.23,0.39,1.9,0.0
0.23,0.44,1.91,0.0
0.21,0.47,1.91,0.0
0.21,0.49,1.91,0.0
0.2,0.49,1.91,0.0
0.19,0.47,1.92,0.0
0.19,0.43,1.92,0.0
0.18,0.38,1.92,0.0
0.17,0.31,1.93,0.0
0.17,0.26,1.93,0.0
0.12,0.19,1.94,0.0
0.15,0.16,1.95,-3.0
0.19,-0.36,1.96,-3.0
0.35,-1.55,1.99,-3.0
0.25,-2.27,2.04,-3.0
0.35,-2.72,2.12,-3.0
0.46,-2.96,2.19,-3.0
0.43,-3.1,2.26,-3.0
0.46,-3.01,2.35,-3.0
0.58,-2.61,2.42,-3.0
0.54,-2.23,2.48,-3.0
0.58,-1.87,2.54,-3.0
0.58,-1.31,2.6,-3.0
0.68,-0.92,2.64,-3.0
0.69,-0.48,2.67,-3.0
0.69,-0.02,2.69,-3.0
0.71,0.39,2.71,-3.0
0.68,0.74,2.72,-3.0
0.65,1.12,2.72,-3.0
0.69,1.26,2.72,-3.0
0.68,1.22,2.72,-3.0
0.63,1.2,2.72,-3.0
0.59,1.28,2.72,-3.0
0.58,1.28,2.72,-3.0
0.54,1.3,2.73,-3.0
0.53,1.3,2.73,-3.0
0.48,1.3,2.73,-3.0
0.47,1.32,2.73,-3.0
0.45,1.22,2.73,-3.0
0.4,1.14,2.74,-3.0
0.48,0.76,2.75,-3.0
0.36,0.35,2.76,-3.0
0.41,-0.12,2.8,-3.0
0.4,-0.44,2.84,-3.0
0.42,-0.77,2.88,-3.0
0.37,-1.12,2.93,-3.0
0.47,-1.32,2.98,-3.0
0.36,-1.37,3.05,-3.0
0.49,-1.43,3.11,-3.0
0.56,-1.34,3.17,-3.0
0.54,-1.24,3.24,-3.0
0.57,-1.11,3.29,-3.0
0.58,-0.84,3.34,-3.0
0.61,-0.53,3.39,-3.0
0.62,-0.34,3.43,-3.0
0.63,-0.15,3.48,-3.0
0.6,-0.0,3.51,-3.0
0.55,0.27,3.54,-3.0
0.59,0.52,3.57,-3.0
0.62,0.5,3.59,-3.0
0.58,0.63,3.61,-3.0
0.61,0.67,3.64,-3.0
0.57,0.71,3.67,-3.0
0.62,0.53,3.69,-3.0
0.55,0.46,3.72,-3.0
0.58,0.42,3.74,-3.0
0.54,0.29,3.77,-3.0
0.58,0.18,3.8,-3.0
0.5,0.21,3.84,-3.0
0.56,0.02,3.87,-3.0
0.55,0.14,3.92,-3.0
0.51,-0.2,3.95,-3.0
0.51,-0.19,4.0,-3.0
0.5,-0.3,4.04,-3.0
0.51,-0.28,4.09,-3.0
0.56,-0.34,4.14,-3.0
0.55,-0.24,4.19,-3.0
0.55,-0.37,4.23,-3.0
0.57,-0.2,4.28,-3.0
0.5,-0.22,4.34,-3.0
0.55,-0.02,4.38,-3.0
0.53,-0.03,4.42,-3.0
0.65,-0.04,4.46,-3.0
0.55,-0.02,4.51,-3.0
0.6,0.11,4.56,-3.0
0.54,0.27,4.6,-3.0
0.53,0.39,4.64,-3.0
0.57,0.33,4.68,-3.0
0.59,0.39,4.72,-3.0
0.57,0.23,4.76,-3.0
0.53,0.32,4.81,-3.0
0.51,0.26,4.85,-3.0
0.54,0.32,4.89,-3.0
0.53,0.28,4.94,-3.0
0.56,0.31,4.98,-3.0
0.48,0.17,5.04,-3.0
0.5,0.27,5.08,-3.0
0.44,0.2,5.13,-3.0
0.54,0.27,5.18,-3.0
0.56,0.16,5.24,-3.0
0.47,0.12,5.29,-3.0
0.49,0.21,5.35,-3.0
0.5,0.13,5.4,-3.0
0.45,0.26,5.47,-3.0
0.47,0.16,5.52,-3.0
0.43,0.16,5.58,-3.0
0.52,0.12,5.63,-3.0
0.43,0.11,5.7,-3.0
0.48,0.08,5.76,-3.0
0.43,0.08,5.82,-3.0
0.46,0.05,5.89,-3.0
0.42,0.03,5.95,-3.0
0.46,0.1,6.02,-3.0
0.47,0.03,6.08,-3.0
0.4,0.03,6.15,-3.0
0.47,-0.05,6.22,-3.0
0.39,0.1,6.29,-3.0
0.44,0.04,6.36,-3.0
0.46,0.05,6.43,-3.0
0.4,0.04,6.49,-3.0
0.48,0.16,6.57,-3.0
0.45,0.06,6.63,-3.0
0.43,0.14,6.7,-3.0
0.39,0.17,6.78,-3.0
0.45,0.22,6.84,-3.0
0.38,0.15,6.91,-3.0
0.4,0.16,6.98,-3.0
0.39,0.23,7.06,-3.0
0.43,0.19,7.12,-3.0
0.34,0.23,7.19,-3.0
0.43,0.21,7.27,-3.0
0.43,0.23,7.34,-3.0
0.39,0.11,7.41,-3.0
0.41,0.15,7.5,-3.0
0.4,0.13,7.57,-3.0
0.44,0.13,7.64,-3.0
0.37,0.08,7.73,-3.0
0.45,-0.0,7.81,-3.0
0.37,0.07,7.9,-3.0
0.45,0.05,7.98,-3.0
0.48,-0.08,8.06,-3.0
0.38,0.09,8.15,-3.0
0.42,0.01,8.23,-3.0
0.41,-0.02,8.33,-3.0
0.29,0.07,8.41,-3.0
0.38,0.1,8.5,-3.0
0.39,-0.01,8.59,-3.0
0.35,0.13,8.68,-3.0
0.4,-0.11,8.77,-3.0
0.38,-0.17,8.87,-3.0
0.35,-0.12,8.96,-3.0
0.34,-0.22,9.06,-3.0
0.34,-0.23,9.15,-3.0
0.41,-0.2,9.25,-3.0
0.35,-0.36,9.35,-3.0
0.37,-0.22,9.45,-3.0
0.41,-0.29,9.55,-3.0
0.42,-0.35,9.64,-3.0
0.38,-0.27,9.74,-3.0
0.41,-0.35,9.84,-3.0
0.41,-0.27,9.94,-3.0
0.43,-0.27,10.03,-3.0
0.41,-0.21,10.13,-3.0
0.42,-0.1,10.23,-3.0
0.41,-0.13,10.33,-3.0
0.47,-0.11,10.42,-3.0
0.42,0.04,10.51,-3.0
0.44,-0.03,10.6,-3.0
0.54,-0.05,10.69,-3.0
0.44,0.08,10.78,-3.0
0.42,0.06,10.86,-3.0
0.39,0.03,10.95,-3.0
0.49,0.07,11.04,-3.0
0.41,0.15,11.12,-3.0
0.46,0.08,11.21,-3.0
0.44,0.17,11.29,-3.0
0.41,0.16,11.37,-3.0
0.41,0.09,11.46,-3.0
0.37,0.29,11.54,-3.0
0.44,0.17,11.62,-3.0
0.44,0.14,11.71,-3.0
0.4,0.24,11.79,-3.0
0.44,0.12,11.89,-3.0
0.35,0.11,11.97,-3.0
0.42,0.12,12.05,-3.0
0.4,0.08,12.15,-3.0
0.39,0.05,12.23,-3.0
0.33,0.03,12.33,-3.0
0.4,0.04,12.41,-3.0
0.4,-0.0,12.5,-3.0
0.4,0.03,12.6,-3.0
0.45,0.06,12.68,-3.0
0.37,0.02,12.78,-3.0
0.4,0.12,12.86,-3.0
0.43,0.08,12.95,-3.0
0.47,0.04,13.05,-3.0
0.36,0.13,13.13,-3.0
0.32,0.15,13.23,-3.0
0.45,0.13,13.31,-3.0
0.43,0.25,13.4,-3.0
0.31,0.27,13.49,-3.0
0.36,0.2,13.58,-3.0
0.33,0.25,13.67,-3.0
0.39,0.23,13.76,-3.0
0.29,0.16,13.85,-3.0
0.32,0.23,13.95,-3.0
0.33,0.16,14.04,-3.0
0.31,0.07,14.14,-3.0
0.33,0.11,14.23,-3.0
0.31,-0.01,14.34,-3.0
0.33,0.08,14.44,-3.0
0.38,0.0,14.55,-3.0
0.33,-0.09,14.65,-3.0
0.33,0.05,14.76,-3.0
0.34,-0.08,14.86,-3.0
0.29,0.0,14.97,-3.0
0.39,-0.03,15.08,-3.0
0.33,-0.13,15.18,-3.0
0.35,-0.11,15.3,-3.0
0.38,-0.19,15.41,-3.0
0.39,-0.17,15.53,-3.0
0.35,-0.32,15.65,-3.0
0.32,-0.21,15.76,-3.0
0.4,-0.27,15.88,-3.0
0.33,-0.19,15.99,-3.0
0.39,-0.15,16.1,-3.0
0.33,-0.23,16.21,-3.0
0.37,-0.08,16.33,-3.0
0.39,-0.2,16.43,-3.0
0.35,-0.08,16.55,-3.0
0.39,-0.11,16.65,-3.0
0.32,-0.02,16.76,-3.0
0.41,-0.0,16.86,-3.0
0.36,-0.05,16.98,0.0
0.28,0.48,17.07,0.0
0.3,1.28,17.14,0.0
0.26,1.9,17.21,0.0
0.22,2.47,17.26,0.0
0.22,2.84,17.3,0.0
0.18,2.96,17.33,0.0
0.15,2.86,17.36,0.0
0.06,2.62,17.4,0.0
0.06,2.13,17.45,0.0
-0.04,1.43,17.51,0.0
-0.04,0.46,17.58,0.0
-0.07,-0.57,17.69,0.0
-0.06,-1.41,17.8,0.0
-0.27,2.82,17.89,0.0
-0.12,3.22,17.91,0.0
-0.11,1.92,17.94,0.0
-0.21,0.43,18.01,0.0
-0.36,0.43,18.09,0.0
-0.29,1.02,18.15,0.0
-0.31,0.44,18.21,0.0
-0.3,-0.01,18.29,0.0
-0.26,-0.1,18.38,0.0
-0.27,-0.39,18.46,0.0
-0.32,-0.48,18.55,0.0
-0.25,-0.58,18.64,0.0
-0.21,-0.87,18.72,0.0
-0.26,-0.87,18.82,0.0
-0.22,-0.8,18.9,0.0
-0.18,-0.91,19.0,0.0
-0.14,-0.9,19.08,0.0
-0.2,-0.78,19.16,0.0
-0.13,-0.84,19.25,0.0
-0.12,-0.84,19.33,0.0
-0.11,-0.73,19.4,0.0
-0.08,-0.64,19.48,0.0
-0.07,-0.68,19.55,0.0
-0.07,-0.55,19.62,0.0
-0.06,-0.51,19.7,0.0
0.04,-0.45,19.76,0.0
-0.01,-0.3,19.82,0.0
-0.01,-0.41,19.89,0.0
-0.01,-0.16,19.95,0.0
-0.01,-0.14,20.0,0.0
-0.02,-0.03,20.05,0.0
0.05,0.1,20.11,0.0
-0.01,0.16,20.15,0.0
0.01,0.31,20.19,0.0
-0.04,0.23,20.23,0.0
-0.06,0.43,20.26,0.0
-0.03,0.32,20.31,0.0
-0.03,0.48,20.34,0.0
-0.02,0.39,20.38,0.0
-0.07,0.63,20.41,0.0
-0.03,0.45,20.44,0.0
-0.08,0.41,20.47,0.0
-0.08,0.55,20.5,0.0
-0.07,0.18,20.55,0.0
-0.13,0.2,20.59,0.0
-0.09,0.17,20.62,0.0
-0.12,-0.02,20.66,0.0
-0.11,-0.16,20.69,0.0
-0.12,-0.38,20.74,0.0
-0.08,-0.3,20.79,0.0
-0.09,-0.73,20.83,0.0
-0.06,-0.54,20.87,0.0
-0.04,-0.83,20.92,0.0
-0.04,-0.67,20.96,0.0
-0.02,-0.78,21.01,0.0
0.02,-0.76,21.05,0.0
0.02,-0.75,21.09,0.0
0.04,-0.52,21.13,0.0
0.05,-0.54,21.16,0.0
0.05,-0.37,21.2,0.0
0.05,-0.32,21.22,0.0
0.06,-0.29,21.25,0.0
0.04,-0.05,21.27,0.0
0.08,0.18,21.28,0.0
0.06,0.16,21.29,0.0
0.07,0.12,21.3,0.0
0.04,0.2,21.32,0.0
0.08,0.26,21.32,0.0
0.03,0.32,21.33,0.0
0.03,0.61,21.33,0.0
0.04,0.55,21.32,0.0
0.03,0.37,21.32,0.0
-0.0,0.4,21.32,0.0
0.02,0.34,21.32,0.0
-0.01,0.27,21.32,0.0
-0.01,0.25,21.32,0.0
-0.02,0.17,21.32,0.0
-0.02,0.13,21.32,0.0
-0.03,0.08,21.32,0.0
-0.02,0.02,21.32,0.0
-0.02,-0.02,21.32,0.0
-0.02,-0.08,21.32,0.0
-0.02,-0.13,21.32,0.0
-0.02,-0.18,21.32,0.0
-0.01,-0.22,21.32,0.0
0.0,-0.26,21.31,0.0
0.01,-0.29,21.31,0.0
0.02,-0.32,21.31,0.0
0.03,-0.35,21.31,0.0
0.03,-0.36,21.31,0.0
0.04,-0.39,21.31,0.0
0.05,-0.4,21.31,0.0
0.06,-0.41,21.31,0.0
0.07,-0.41,21.31,0.0
0.08,-0.42,21.31,0.0
0.09,-0.42,21.31,3.0
-0.16,0.31,21.31,3.0
0.14,1.4,21.27,3.0
0.04,1.85,21.23,3.0
-0.06,2.12,21.17,3.0
-0.11,2.38,21.11,3.0
-0.13,2.19,21.06,3.0
-0.08,2.25,21.0,3.0
-0.19,1.98,20.93,3.0
-0.3,1.75,20.88,3.0
-0.26,1.31,20.84,3.0
-0.51,0.98,20.8,3.0
-0.3,0.54,20.77,3.0
-0.47,0.14,20.73,3.0
-0.45,0.13,20.71,3.0
-0.28,-0.3,20.69,3.0
-0.35,-0.64,20.68,3.0
-0.33,-1.07,20.68,3.0
-0.23,-1.11,20.68,3.0
-0.28,-1.17,20.68,3.0
-0.16,-1.23,20.68,3.0
-0.13,-1.28,20.68,3.0
-0.22,-1.34,20.68,3.0
-0.12,-1.35,20.68,3.0
-0.09,-1.36,20.67,3.0
-0.06,-1.39,20.67,3.0
-0.08,-1.24,20.67,3.0
-0.05,-0.8,20.66,3.0
-0.14,-0.38,20.64,3.0
-0.05,0.21,20.6,3.0
-0.04,0.47,20.56,3.0
0.06,0.98,20.51,3.0
-0.06,1.11,20.46,3.0
0.03,1.42,20.4,3.0
-0.07,1.47,20.35,3.0
-0.07,1.4,20.28,3.0
-0.11,1.45,20.22,3.0
-0.17,1.33,20.16,3.0
-0.23,1.12,20.11,3.0
-0.19,0.86,20.05,3.0
-0.24,0.63,20.01,3.0
-0.35,0.41,19.97,3.0
-0.28,0.2,19.94,3.0
-0.22,0.07,19.9,3.0
-0.47,-0.27,19.87,3.0
-0.21,-0.34,19.84,3.0
-0.16,-0.61,19.82,3.0
-0.36,-0.77,19.8,3.0
-0.19,-0.79,19.78,3.0
-0.25,-0.86,19.77,3.0
-0.19,-0.65,19.75,3.0
-0.15,-0.59,19.73,3.0
-0.27,-0.74,19.71,3.0
-0.12,-0.37,19.68,3.0
-0.17,-0.13,19.65,3.0
-0.14,-0.05,19.61,3.0
-0.12,-0.02,19.57,3.0
-0.09,0.07,19.53,3.0
-0.14,0.1,19.49,3.0
-0.27,0.09,19.45,3.0
-0.19,0.39,19.4,3.0
-0.11,0.43,19.36,3.0
-0.19,0.4,19.31,3.0
-0.14,0.27,19.26,3.0
-0.31,0.23,19.22,3.0
-0.12,0.3,19.16,3.0
-0.3,0.39,19.12,3.0
-0.29,0.19,19.07,3.0
-0.16,0.23,19.03,3.0
-0.16,-0.06,18.99,3.0
-0.27,0.16,18.93,3.0
-0.16,0.06,18.89,3.0
-0.26,-0.04,18.85,3.0
-0.39,-0.11,18.8,3.0
-0.2,-0.06,18.76,3.0
-0.15,-0.24,18.71,3.0
-0.24,-0.13,18.66,3.0
-0.21,-0.25,18.62,3.0
-0.07,-0.15,18.57,3.0
-0.17,-0.14,18.52,3.0
-0.11,-0.2,18.47,3.0
-0.29,-0.06,18.43,3.0
-0.15,-0.15,18.38,3.0
-0.28,0.08,18.32,3.0
-0.16,-0.11,18.27,3.0
-0.09,-0.0,18.21,3.0
-0.34,-0.07,18.16,3.0
-0.07,0.05,18.11,3.0
-0.33,0.05,18.04,3.0
-0.25,-0.07,17.99,3.0
-0.2,-0.07,17.93,3.0
-0.16,0.02,17.88,3.0
-0.3,-0.01,17.81,3.0
-0.08,-0.07,17.76,3.0
-0.34,-0.06,17.7,3.0
-0.33,-0.15,17.63,3.0
-0.05,-0.09,17.57,3.0
-0.25,-0.12,17.51,3.0
-0.17,-0.16,17.45,3.0
-0.19,-0.19,17.38,3.0
-0.17,-0.17,17.32,3.0
-0.21,-0.04,17.26,3.0
-0.07,-0.19,17.19,3.0
-0.22,-0.1,17.13,3.0
-0.21,-0.09,17.07,3.0
-0.2,0.03,17.0,3.0
-0.12,-0.14,16.93,3.0
-0.08,-0.05,16.87,3.0
-0.22,-0.04,16.8,3.0
-0.16,-0.03,16.72,3.0
-0.25,0.0,16.66,3.0
-0.18,-0.18,16.59,3.0
-0.22,-0.03,16.52,3.0
-0.13,-0.16,16.45,3.0
-0.16,-0.11,16.38,3.0
-0.09,-0.13,16.3,3.0
-0.07,-0.26,16.23,3.0
-0.28,-0.08,16.16,3.0
-0.06,-0.2,16.08,3.0
-0.08,-0.08,16.01,3.0
-0.14,-0.1,15.94,3.0
-0.1,-0.24,15.85,3.0
-0.06,-0.16,15.78,3.0
-0.13,-0.18,15.7,3.0
-0.18,-0.2,15.62,3.0
-0.05,-0.18,15.54,3.0
-0.17,-0.13,15.46,3.0
-0.17,-0.17,15.37,3.0
-0.07,-0.06,15.29,3.0
-0.05,-0.23,15.22,3.0
-0.05,-0.19,15.13,3.0
-0.06,-0.21,15.04,3.0
-0.15,-0.14,14.95,3.0
-0.07,-0.22,14.87,3.0
0.02,-0.27,14.79,3.0
-0.01,-0.13,14.7,3.0
-0.06,-0.22,14.62,3.0
-0.04,-0.27,14.54,3.0
0.02,-0.12,14.45,3.0
-0.12,-0.05,14.37,3.0
0.02,-0.07,14.27,3.0
-0.03,-0.01,14.19,3.0
-0.02,0.16,14.11,3.0
-0.09,0.09,14.01,3.0
-0.07,0.06,13.93,3.0
-0.04,0.23,13.84,3.0
0.06,0.22,13.76,3.0
0.07,0.11,13.68,3.0
-0.05,0.25,13.59,3.0
-0.05,0.23,13.51,3.0
-0.02,0.14,13.43,3.0
0.02,0.17,13.34,3.0
-0.08,0.22,13.26,3.0
-0.17,0.1,13.17,3.0
-0.08,0.19,13.09,3.0
-0.03,0.16,13.01,3.0
-0.07,0.14,12.92,3.0
-0.05,0.15,12.85,3.0
0.11,0.14,12.77,3.0
-0.13,0.23,12.68,3.0
-0.08,0.04,12.6,3.0
-0.08,0.05,12.51,3.0
-0.18,0.12,12.43,3.0
-0.22,0.04,12.36,3.0
-0.04,-0.07,12.27,3.0
-0.19,0.06,12.19,3.0
-0.16,0.11,12.11,3.0
-0.03,0.04,12.02,3.0
-0.06,-0.07,11.94,3.0
-0.1,0.06,11.85,3.0
-0.05,0.01,11.77,3.0
-0.13,-0.1,11.69,3.0
-0.1,-0.15,11.6,3.0
-0.12,-0.03,11.51,3.0
-0.11,-0.22,11.42,3.0
-0.13,-0.28,11.34,3.0
-0.06,-0.14,11.25,3.0
-0.11,-0.19,11.16,3.0
-0.13,-0.21,11.08,3.0
-0.12,-0.2,10.99,3.0
-0.14,-0.15,10.89,3.0
-0.14,-0.14,10.81,3.0
-0.05,-0.11,10.71,3.0
-0.05,-0.12,10.62,3.0
-0.15,-0.07,10.52,3.0
-0.09,-0.03,10.43,3.0
-0.12,-0.16,10.34,3.0
-0.14,-0.11,10.24,3.0
-0.02,-0.13,10.14,3.0
-0.1,-0.19,10.04,3.0
-0.05,-0.14,9.95,3.0
-0.07,-0.15,9.85,3.0
-0.05,-0.2,9.76,3.0
-0.02,-0.27,9.67,3.0
-0.04,-0.18,9.56,3.0
0.03,-0.12,9.47,3.0
-0.01,-0.13,9.37,3.0
-0.02,-0.2,9.28,3.0
0.05,-0.16,9.17,3.0
-0.04,-0.19,9.08,3.0
0.07,-0.19,8.97,3.0
-0.05,-0.09,8.88,3.0
0.03,-0.22,8.78,3.0
0.05,-0.34,8.68,3.0
0.01,-0.28,8.58,3.0
0.03,-0.17,8.48,3.0
0.03,-0.25,8.39,3.0
0.03,-0.24,8.28,3.0
0.06,-0.22,8.19,3.0
0.13,-0.19,8.08,3.0
0.1,-0.04,7.99,3.0
0.07,0.05,7.89,3.0
-0.02,0.05,7.79,3.0
0.08,0.04,7.69,3.0
0.02,0.08,7.59,3.0
0.07,0.13,7.5,0.0
0.05,-0.05,7.4,0.0
0.1,-0.47,7.31,0.0
0.11,-0.96,7.24,0.0
0.14,-1.42,7.16,0.0
0.17,-1.73,7.1,0.0
0.2,-1.96,7.05,0.0
0.23,-2.09,7.0,0.0
0.26,-2.05,6.95,0.0
0.3,-1.87,6.9,0.0
0.31,-1.6,6.85,0.0
0.36,-1.32,6.79,0.0
0.43,-1.28,6.73,0.0
0.57,-1.98,6.68,0.0
0.74,-3.37,6.65,0.0
0.55,-3.34,6.64,0.0
0.55,-2.55,6.63,0.0
0.62,-1.88,6.6,0.0
0.69,-1.6,6.56,0.0
0.68,-1.02,6.51,0.0
0.69,-0.42,6.45,0.0
0.73,0.24,6.39,0.0
0.73,0.53,6.31,0.0
0.77,0.81,6.24,0.0
0.64,1.33,6.16,0.0
0.76,1.44,6.07,0.0
0.69,1.44,5.99,0.0
0.62,1.59,5.91,0.0
0.71,1.71,5.82,0.0
0.61,1.54,5.74,0.0
0.58,1.65,5.65,0.0
0.62,1.72,5.58,0.0
0.47,1.58,5.51,0.0
0.49,1.63,5.42,0.0
0.34,1.73,5.35,0.0
0.41,1.42,5.29,0.0
0.36,1.44,5.22,0.0
0.31,1.24,5.15,0.0
0.26,1.34,5.09,0.0
0.3,1.05,5.03,0.0
0.24,0.98,4.97,0.0
0.25,0.68,4.92,0.0
0.2,0.63,4.88,0.0
0.21,0.42,4.84,0.0
0.19,0.14,4.8,0.0
0.2,-0.11,4.76,0.0
0.21,-0.23,4.74,0.0
0.23,-0.52,4.72,0.0
0.21,-0.78,4.7,0.0
0.26,-0.92,4.69,0.0
0.21,-1.04,4.68,0.0
0.24,-0.8,4.68,0.0
0.33,-0.72,4.66,0.0
0.34,-1.02,4.66,0.0
0.34,-1.25,4.66,0.0
0.32,-1.08,4.66,0.0
0.38,-0.99,4.66,0.0
0.4,-1.02,4.66,0.0
0.4,-0.92,4.66,0.0
0.43,-0.85,4.65,0.0
0.46,-0.76,4.65,0.0
0.46,-0.7,4.65,0.0
0.47,-0.66,4.65,0.0
0.49,-0.6,4.65,0.0
0.45,-0.33,4.64,0.0
0.49,-0.07,4.64,0.0
0.51,-0.04,4.63,0.0
0.52,-0.03,4.62,0.0
0.44,0.27,4.61,0.0
0.5,0.44,4.59,0.0
0.43,0.65,4.58,0.0
0.46,0.98,4.56,0.0
0.48,0.93,4.53,0.0
0.42,1.06,4.51,0.0
0.37,1.26,4.49,0.0
0.41,1.44,4.46,0.0
0.35,1.28,4.43,0.0
0.32,1.35,4.41,0.0
0.27,1.41,4.39,0.0
0.28,1.34,4.36,0.0
0.28,0.99,4.35,0.0
0.23,0.85,4.32,0.0
0.19,0.78,4.31,0.0
0.18,0.69,4.3,0.0
0.19,0.35,4.3,0.0
0.18,0.13,4.29,0.0
0.16,0.0,4.29,0.0
0.14,-0.06,4.3,0.0
0.15,-0.09,4.3,0.0
0.15,-0.08,4.3,0.0
0.15,-0.06,4.31,0.0
0.15,-0.03,4.31,0.0
0.15,0.01,4.31,0.0
0.14,0.03,4.31,0.0
0.16,0.04,4.31,0.0
0.15,0.02,4.31,0.0
0.14,0.0,4.31,0.0
0.14,-0.01,4.31,0.0
0.15,-0.02,4.31,0.0
0.16,-0.04,4.31,0.0
0.16,-0.05,4.31,0.0
0.15,-0.05,4.31,0.0
0.14,-0.07,4.31,0.0
0.16,-0.08,4.31,0.0
0.16,-0.08,4.31,0.0
0.16,-0.09,4.31,0.0
0.16,-0.09,4.31,0.0
0.17,-0.09,4.31,0.0
0.16,-0.09,4.31,0.0
0.16,-0.09,4.31,0.0
0.17,-0.09,4.31,0.0
0.18,-0.09,4.31,0.0
0.18,-0.08,4.31,0.0
0.18,-0.07,4.31,0.0
0.18,-0.06,4.31,0.0
0.18,-0.06,4.31,0.0
0.18,-0.05,4.31,0.0
0.18,-0.04,4.31,-3.0
0.35,-0.36,4.31,-3.0
0.46,-1.89,4.35,-3.0
0.35,-2.52,4.4,-3.0
0.48,-2.93,4.46,-3.0
0.42,-3.09,4.52,-3.0
0.53,-3.12,4.6,-3.0
0.58,-2.95,4.67,-3.0
0.59,-2.71,4.73,-3.0
0.6,-2.35,4.8,-3.0
0.64,-1.87,4.85,-3.0
0.65,-1.37,4.9,-3.0
0.65,-0.79,4.93,-3.0
0.77,-0.41,4.96,-3.0
0.74,-0.1,4.98,-3.0
0.77,0.28,5.0,-3.0
0.73,0.66,5.0,-3.0
0.76,0.98,5.01,-3.0
0.78,0.97,5.01,-3.0
0.74,1.0,5.01,-3.0
0.71,1.08,5.01,-3.0
0.69,1.11,5.02,-3.0
0.67,1.17,5.02,-3.0
0.66,1.21,5.02,-3.0
0.61,1.25,5.02,-3.0
0.61,1.25,5.02,-3.0
0.57,1.26,5.02,-3.0
0.52,1.33,5.02,-3.0
0.56,1.3,5.03,-3.0
0.51,0.9,5.04,-3.0
0.49,0.73,5.05,-3.0
0.5,0.41,5.07,-3.0
0.45,0.07,5.1,-3.0
0.43,-0.06,5.13,-3.0
0.42,-0.25,5.17,-3.0
0.49,-0.48,5.23,-3.0
0.47,-0.67,5.28,-3.0
0.46,-0.65,5.33,-3.0
0.5,-0.73,5.38,-3.0
0.5,-0.56,5.45,-3.0
0.52,-0.59,5.5,-3.0
0.5,-0.52,5.55,-3.0
0.53,-0.42,5.61,-3.0
0.49,-0.26,5.67,-3.0
0.54,-0.08,5.72,-3.0
0.57,-0.04,5.76,-3.0
0.56,0.06,5.81,-3.0
0.51,0.18,5.85,-3.0
0.55,0.22,5.91,-3.0
0.54,0.42,5.95,-3.0
0.53,0.44,5.99,-3.0
0.49,0.48,6.03,-3.0
0.51,0.29,6.07,-3.0
0.51,0.39,6.12,-3.0
0.52,0.35,6.17,-3.0
0.47,0.37,6.21,-3.0
0.47,0.35,6.26,-3.0
0.53,0.25,6.31,-3.0
0.44,0.16,6.36,-3.0
0.52,0.12,6.42,-3.0
0.45,0.11,6.47,-3.0
0.46,0.14,6.52,-3.0
0.46,0.07,6.59,-3.0
0.43,0.09,6.64,-3.0
0.47,0.05,6.7,-3.0
0.44,0.07,6.76,-3.0
0.43,0.09,6.82,-3.0
0.48,0.06,6.88,-3.0
0.45,0.05,6.94,-3.0
0.4,0.07,7.01,-3.0
0.44,0.14,7.07,-3.0
0.47,0.08,7.13,-3.0
0.42,0.15,7.19,-3.0
0.44,0.1,7.26,-3.0
0.42,0.15,7.32,-3.0
0.44,0.07,7.39,-3.0
0.41,0.13,7.46,-3.0
0.45,0.07,7.53,-3.0
0.45,0.15,7.59,-3.0
0.42,0.0,7.67,-3.0
0.36,0.14,7.73,-3.0
0.42,0.09,7.8,-3.0
0.45,0.11,7.87,-3.0
0.39,0.1,7.95,-3.0
0.46,0.08,8.02,-3.0
0.39,0.18,8.09,-3.0
0.39,0.09,8.17,-3.0
0.4,0.12,8.24,-3.0
0.47,0.02,8.33,-3.0
0.49,0.1,8.4,-3.0
0.36,0.1,8.48,-3.0
0.43,0.05,8.56,-3.0
0.33,0.15,8.64,-3.0
0.39,0.01,8.72,-3.0
0.41,0.04,8.81,-3.0
0.39,-0.04,8.89,-3.0
0.43,-0.12,8.97,-3.0
0.32,-0.28,9.07,-3.0
0.32,-0.17,9.15,-3.0
0.45,-0.23,9.25,-3.0
0.31,-0.33,9.34,-3.0
0.4,-0.26,9.44,-3.0
0.36,-0.32,9.52,-3.0
0.41,-0.39,9.61,-3.0
0.39,-0.3,9.71,-3.0
0.46,-0.33,9.8,-3.0
0.44,-0.33,9.89,-3.0
0.42,-0.22,9.98,-3.0
0.43,-0.16,10.06,-3.0
0.47,-0.19,10.16,-3.0
0.47,-0.05,10.24,-3.0
0.47,-0.05,10.34,-3.0
0.5,-0.04,10.42,-3.0
0.53,0.05,10.5,-3.0
0.42,0.04,10.59,-3.0
0.53,0.04,10.66,-3.0
0.46,0.18,10.74,-3.0
0.42,0.12,10.83,-3.0
0.47,0.09,10.9,-3.0
0.38,0.16,10.99,-3.0
0.48,0.13,11.06,-3.0
0.46,0.11,11.14,-3.0
0.39,0.17,11.23,-3.0
0.47,0.12,11.3,-3.0
0.45,0.13,11.38,-3.0
0.43,0.1,11.46,-3.0
0.41,0.2,11.54,-3.0
0.45,0.13,11.62,-3.0
0.44,0.15,11.7,-3.0
0.42,0.24,11.78,-3.0
0.47,0.11,11.86,-3.0
0.39,0.09,11.95,-3.0
0.39,0.17,12.03,-3.0
0.41,0.11,12.12,-3.0
0.41,0.02,12.2,-3.0
0.38,0.04,12.28,-3.0
0.4,0.02,12.37,-3.0
0.4,0.01,12.45,-3.0
0.44,0.02,12.53,-3.0
0.4,0.05,12.62,-3.0
0.41,0.08,12.7,-3.0
0.37,0.11,12.8,-3.0
0.38,0.15,12.88,-3.0
0.42,0.12,12.96,-3.0
0.42,0.13,13.05,-3.0
0.34,0.17,13.13,-3.0
0.42,0.2,13.22,-3.0
0.32,0.18,13.31,-3.0
0.35,0.25,13.39,-3.0
0.38,0.29,13.48,-3.0
0.34,0.21,13.56,-3.0
0.33,0.23,13.66,-3.0
0.42,0.22,13.74,-3.0
0.41,0.15,13.82,-3.0
0.34,0.21,13.92,-3.0
0.3,0.12,14.01,-3.0
0.4,0.02,14.11,-3.0
0.33,0.12,14.2,-3.0
0.34,0.03,14.29,-3.0
0.31,-0.01,14.39,-3.0
0.38,-0.01,14.49,-3.0
0.3,-0.05,14.6,-3.0
0.34,0.05,14.7,-3.0
0.36,-0.03,14.81,-3.0
0.31,-0.08,14.91,-3.0
0.31,0.03,15.02,-3.0
0.32,-0.05,15.12,-3.0
0.39,-0.0,15.24,-3.0
0.35,-0.13,15.34,-3.0
0.26,-0.15,15.46,-3.0
0.33,-0.2,15.56,-3.0
0.38,-0.32,15.68,-3.0
0.34,-0.25,15.79,-3.0
0.37,-0.33,15.91,-3.0
0.37,-0.18,16.01,-3.0
0.38,-0.21,16.13,-3.0
0.35,-0.14,16.23,-3.0
0.39,-0.09,16.35,-3.0
0.39,-0.15,16.45,-3.0
0.38,-0.11,16.56,-3.0
0.43,-0.09,16.66,-3.0
0.34,0.05,16.77,-3.0
0.41,-0.01,16.87,-3.0
0.42,-0.0,16.98,-3.0
0.44,0.08,17.08,-3.0
0.39,0.03,17.17,-3.0
0.32,0.07,17.28,-3.0
0.43,0.11,17.37,-3.0
0.37,0.04,17.47,-3.0
0.35,0.17,17.57,-3.0
0.41,0.2,17.67,-3.0
0.41,0.08,17.77,-3.0
0.4,0.16,17.87,-3.0
0.4,0.15,17.96,-3.0
0.32,0.19,18.06,-3.0
0.37,0.11,18.17,-3.0
0.45,0.06,18.26,-3.0
0.3,0.17,18.37,-3.0
0.37,0.18,18.46,-3.0
0.33,0.16,18.57,-3.0
0.34,0.23,18.67,-3.0
0.35,0.09,18.77,-3.0
0.34,0.13,18.87,-3.0
0.38,0.18,18.98,-3.0
0.28,0.0,19.08,-3.0
0.3,0.15,19.17,-3.0
0.28,0.18,19.28,-3.0
0.31,0.12,19.38,-3.0
0.29,0.14,19.49,-3.0
0.37,0.06,19.59,-3.0
0.31,0.16,19.7,-3.0
0.29,0.17,19.8,-3.0
0.26,0.13,19.91,-3.0
0.37,0.18,20.0,-3.0
0.26,0.03,20.12,-3.0
0.26,0.07,20.22,-3.0
0.31,0.01,20.33,-3.0
0.34,-0.11,20.44,-3.0
0.3,-0.06,20.56,-3.0
0.36,-0.23,20.67,-3.0
0.33,-0.07,20.79,-3.0
0.32,-0.08,20.91,0.0
0.2,0.27,21.02,0.0
0.22,0.82,21.12,0.0
0.21,1.23,21.21,0.0
0.21,1.62,21.28,0.0
0.16,1.97,21.34,0.0
0.16,2.1,21.4,0.0
0.13,2.02,21.47,0.0
0.1,1.68,21.54,0.0
0.09,1.21,21.6,0.0
0.1,0.71,21.69,0.0
-0.05,0.68,21.78,0.0
-0.19,3.0,21.84,0.0
-0.06,3.53,21.87,0.0
-0.14,2.3,21.91,0.0
-0.23,1.57,21.96,0.0
-0.27,1.5,22.02,0.0
-0.29,1.15,22.09,0.0
-0.39,0.64,22.16,0.0
-0.37,0.22,22.24,0.0
-0.38,-0.06,22.33,0.0
-0.37,-0.47,22.42,0.0
-0.42,-0.61,22.51,0.0
-0.36,-0.81,22.62,0.0
-0.26,-0.81,22.71,0.0
-0.28,-0.89,22.81,0.0
-0.24,-0.91,22.9,0.0
-0.21,-0.87,23.0,0.0
-0.27,-0.86,23.08,0.0
-0.2,-0.94,23.17,0.0
-0.19,-0.97,23.26,0.0
-0.17,-0.87,23.34,0.0
-0.14,-0.82,23.43,0.0
-0.12,-0.88,23.5,0.0
-0.08,-0.88,23.58,0.0
-0.06,-0.78,23.66,0.0
-0.02,-0.69,23.73,0.0
-0.04,-0.73,23.8,0.0
-0.01,-0.64,23.88,0.0
0.02,-0.55,23.94,0.0
0.01,-0.41,24.0,0.0
0.05,-0.36,24.05,0.0
0.02,-0.29,24.12,0.0
0.04,-0.19,24.17,0.0
0.03,-0.05,24.21,0.0
0.07,0.11,24.26,0.0
0.03,0.06,24.31,0.0
0.05,0.32,24.34,0.0
0.05,0.15,24.38,0.0
-0.0,0.44,24.41,0.0
0.05,0.34,24.44,0.0
-0.03,0.49,24.47,0.0
0.03,0.47,24.5,0.0
-0.03,0.36,24.54,0.0
-0.02,0.55,24.56,0.0
-0.01,0.46,24.59,0.0
-0.04,0.35,24.61,0.0
-0.06,0.28,24.64,0.0
-0.04,0.46,24.66,0.0
-0.05,0.2,24.69,0.0
-0.07,0.13,24.72,0.0
-0.09,0.17,24.75,0.0
-0.07,-0.03,24.78,0.0
-0.1,-0.17,24.81,0.0
-0.11,-0.08,24.84,0.0
-0.05,-0.46,24.88,0.0
-0.08,-0.33,24.91,0.0
-0.07,-0.4,24.94,0.0
-0.04,-0.56,24.98,0.0
-0.08,-0.4,25.01,0.0
0.02,-0.44,25.04,0.0
0.02,-0.55,25.07,0.0
-0.08,-0.32,25.09,0.0
0.02,-0.37,25.11,0.0
0.04,-0.36,25.13,0.0
-0.04,-0.33,25.15,0.0
0.0,-0.0,25.17,0.0
0.04,0.1,25.19,0.0
0.01,0.12,25.19,0.0
0.03,0.21,25.2,0.0
-0.01,0.42,25.2,0.0
0.02,0.36,25.2,0.0
0.01,0.27,25.2,0.0
0.02,0.31,25.2,0.0
-0.01,0.2,25.2,0.0
-0.02,0.2,25.2,0.0
-0.01,0.13,25.2,0.0
-0.02,0.09,25.2,0.0
-0.02,0.06,25.2,0.0
-0.03,-0.01,25.2,0.0
-0.02,-0.03,25.2,0.0
-0.01,-0.09,25.2,0.0
-0.02,-0.11,25.2,0.0
-0.01,-0.16,25.2,0.0
-0.0,-0.18,25.2,0.0
-0.01,-0.23,25.2,0.0
0.01,-0.24,25.2,0.0
0.02,-0.27,25.2,0.0
0.02,-0.29,25.2,0.0
0.03,-0.3,25.2,0.0
0.04,-0.32,25.2,0.0
0.05,-0.33,25.2,0.0
0.06,-0.34,25.2,0.0
0.06,-0.34,25.2,0.0
0.07,-0.35,25.2,0.0
0.08,-0.35,25.19,0.0
0.08,-0.35,25.19,0.0
0.09,-0.35,25.19,0.0
0.11,-0.35,25.19,0.0
0.11,-0.35,25.19,3.0
-0.12,0.87,25.17,3.0
0.08,1.55,25.14,3.0
0.09,2.02,25.09,3.0
-0.05,2.4,25.04,3.0
-0.11,2.48,24.98,3.0
-0.11,2.6,24.9,3.0
-0.1,2.72,24.84,3.0
-0.29,2.28,24.78,3.0
-0.28,2.05,24.71,3.0
-0.34,1.62,24.66,3.0
-0.32,1.37,24.61,3.0
-0.44,0.83,24.57,3.0
-0.29,0.44,24.54,3.0
-0.52,0.05,24.51,3.0
-0.45,-0.48,24.49,3.0
-0.37,-1.07,24.49,3.0
-0.42,-1.26,24.5,3.0
-0.31,-1.19,24.5,3.0
-0.33,-1.29,24.5,3.0
-0.22,-1.31,24.5,3.0
-0.34,-1.31,24.5,3.0
-0.31,-1.35,24.5,3.0
-0.09,-1.33,24.5,3.0
-0.2,-1.32,24.49,3.0
-0.16,-1.1,24.49,3.0
-0.12,-0.69,24.48,3.0
-0.13,-0.03,24.45,3.0
-0.07,0.19,24.41,3.0
-0.03,0.56,24.37,3.0
-0.22,0.62,24.33,3.0
-0.11,0.92,24.27,3.0
-0.18,0.89,24.22,3.0
-0.22,1.06,24.16,3.0
-0.16,0.88,24.11,3.0
-0.21,0.92,24.05,3.0
-0.26,0.68,23.99,3.0
-0.33,0.56,23.94,3.0
-0.24,0.46,23.89,3.0
-0.42,0.33,23.84,3.0
-0.3,0.1,23.79,3.0
-0.16,-0.04,23.75,3.0
-0.3,-0.29,23.71,3.0
-0.16,-0.29,23.68,3.0
-0.18,-0.44,23.64,3.0
-0.26,-0.4,23.59,3.0
-0.28,-0.4,23.55,3.0
-0.24,-0.57,23.52,3.0
-0.24,-0.47,23.48,3.0
-0.38,-0.48,23.44,3.0
-0.29,-0.42,23.4,3.0
-0.21,-0.35,23.35,3.0
-0.25,-0.21,23.31,3.0
-0.22,-0.22,23.26,3.0
-0.07,-0.06,23.21,3.0
-0.12,-0.2,23.15,3.0
-0.13,0.01,23.1,3.0
-0.09,-0.01,23.05,3.0
-0.11,0.03,22.99,3.0
-0.13,0.01,22.93,3.0
-0.2,0.11,22.87,3.0
-0.12,-0.02,22.82,3.0
-0.23,0.1,22.76,3.0
-0.25,-0.04,22.69,3.0
-0.17,-0.0,22.63,3.0
-0.17,-0.09,22.57,3.0
-0.2,0.05,22.5,3.0
-0.16,-0.25,22.44,3.0
-0.24,-0.18,22.38,3.0
-0.07,-0.22,22.32,3.0
-0.28,-0.17,22.24,3.0
-0.23,-0.34,22.18,3.0
-0.09,-0.28,22.12,3.0
-0.15,-0.24,22.04,3.0
-0.09,-0.26,21.98,3.0
-0.2,-0.2,21.91,3.0
-0.09,-0.29,21.83,3.0
-0.07,-0.11,21.76,3.0
-0.12,-0.21,21.69,3.0
-0.14,-0.13,21.61,3.0
-0.11,-0.17,21.54,3.0
-0.16,-0.17,21.46,3.0
-0.13,-0.08,21.38,3.0
-0.12,-0.12,21.3,3.0
0.01,-0.15,21.23,3.0
-0.03,-0.07,21.15,3.0
-0.11,-0.18,21.07,3.0
-0.09,-0.24,20.99,3.0
-0.03,-0.18,20.91,3.0
-0.08,-0.28,20.83,3.0
-0.08,-0.3,20.76,3.0
-0.15,-0.2,20.67,3.0
-0.04,-0.27,20.6,3.0
0.05,-0.16,20.51,3.0
0.05,-0.06,20.44,3.0
-0.03,-0.02,20.36,3.0
0.08,0.13,20.27,3.0
-0.07,0.14,20.2,3.0
0.08,0.19,20.12,3.0
-0.15,0.15,20.03,3.0
-0.03,0.3,19.95,3.0
-0.07,0.24,19.87,3.0
-0.07,0.18,19.78,3.0
-0.06,0.29,19.71,3.0
0.08,0.25,19.62,3.0
-0.17,0.08,19.54,3.0
0.03,0.24,19.47,3.0
-0.06,0.17,19.38,3.0
-0.05,0.09,19.31,3.0
-0.07,0.11,19.23,3.0
-0.04,0.16,19.14,3.0
-0.08,0.01,19.07,3.0
-0.14,0.08,18.99,3.0
-0.3,0.09,18.91,3.0
-0.04,-0.03,18.83,3.0
-0.19,0.08,18.74,3.0
-0.12,0.04,18.67,3.0
-0.03,-0.03,18.59,3.0
-0.02,0.09,18.5,3.0
-0.08,-0.07,18.43,3.0
-0.04,-0.07,18.35,3.0
-0.04,-0.07,18.26,3.0
-0.16,-0.1,18.18,3.0
-0.1,-0.05,18.1,3.0
-0.07,-0.03,18.01,3.0
-0.12,-0.05,17.93,3.0
-0.12,-0.02,17.84,3.0
-0.14,-0.09,17.75,3.0
-0.06,-0.02,17.67,3.0
-0.09,0.05,17.58,3.0
-0.07,-0.1,17.5,3.0
-0.08,-0.12,17.41,3.0
-0.08,-0.02,17.32,3.0
-0.09,-0.01,17.24,3.0
-0.18,-0.15,17.15,3.0
-0.19,-0.05,17.07,3.0
-0.27,-0.04,16.98,3.0
-0.08,-0.03,16.89,3.0
-0.03,-0.05,16.81,3.0
0.04,-0.06,16.71,3.0
-0.14,-0.07,16.63,3.0
-0.14,-0.03,16.54,3.0
-0.15,-0.11,16.45,3.0
0.01,-0.08,16.36,3.0
-0.12,-0.1,16.27,3.0
-0.11,-0.14,16.18,3.0
-0.1,-0.18,16.08,3.0
-0.08,-0.12,16.0,3.0
-0.13,-0.11,15.91,3.0
-0.14,-0.15,15.81,3.0
-0.07,-0.14,15.72,3.0
-0.12,-0.19,15.62,3.0
-0.13,-0.21,15.53,3.0
-0.07,-0.12,15.44,3.0
-0.02,-0.19,15.33,3.0
-0.06,-0.2,15.24,3.0
-0.09,-0.22,15.14,3.0
-0.09,-0.18,15.04,3.0
-0.15,-0.17,14.94,3.0
-0.07,-0.16,14.85,3.0
-0.01,-0.27,14.76,3.0
-0.12,-0.3,14.65,3.0
-0.06,-0.22,14.56,3.0
-0.01,-0.13,14.46,3.0
0.05,0.01,14.36,3.0
0.05,-0.04,14.26,3.0
-0.04,-0.09,14.17,3.0
-0.02,0.05,14.07,3.0
0.08,0.14,13.97,3.0
-0.03,0.11,13.89,3.0
0.08,0.14,13.79,3.0
0.03,0.13,13.7,3.0
-0.18,0.28,13.6,3.0
-0.04,0.29,13.51,3.0
-0.07,0.17,13.41,3.0
0.0,0.2,13.32,3.0
-0.03,0.17,13.23,3.0
-0.1,0.2,13.13,3.0
0.05,0.28,13.04,3.0
-0.06,0.21,12.95,3.0
-0.05,0.21,12.86,3.0
-0.05,0.24,12.77,3.0
-0.05,0.19,12.67,3.0
-0.13,0.24,12.58,3.0
-0.05,0.06,12.48,3.0
-0.04,-0.02,12.4,3.0
-0.12,-0.09,12.3,3.0
-0.17,0.14,12.2,3.0
-0.08,0.08,12.12,3.0
-0.06,0.07,12.02,3.0
0.01,-0.08,11.94,3.0
-0.1,0.0,11.84,3.0
-0.1,0.04,11.75,3.0
-0.08,-0.13,11.67,3.0
-0.12,-0.11,11.57,3.0
-0.13,-0.06,11.47,3.0
-0.08,-0.15,11.37,3.0
-0.06,-0.05,11.28,3.0
-0.17,-0.17,11.18,3.0
-0.04,-0.19,11.09,3.0
-0.03,-0.19,11.0,3.0
-0.03,-0.16,10.89,3.0
-0.09,-0.11,10.8,3.0
-0.05,-0.16,10.7,3.0
0.03,-0.16,10.6,3.0
-0.03,-0.1,10.5,3.0
-0.06,-0.11,10.4,3.0
0.02,-0.12,10.3,3.0
-0.07,-0.08,10.2,3.0
-0.06,-0.06,10.09,3.0
-0.07,-0.19,9.99,3.0
-0.04,-0.13,9.9,3.0
0.02,-0.19,9.79,3.0
-0.02,-0.2,9.7,3.0
-0.04,-0.1,9.59,0.0
0.03,-0.47,9.5,0.0
0.06,-1.11,9.41,0.0
0.09,-1.72,9.34,0.0
0.14,-2.13,9.28,0.0
0.17,-2.39,9.22,0.0
0.21,-2.41,9.16,0.0
0.24,-2.2,9.11,0.0
0.25,-1.8,9.05,0.0
0.28,-1.31,8.97,0.0
0.32,-0.93,8.9,0.0
0.37,-0.75,8.82,0.0
1.03,-2.39,8.74,0.0
0.59,-4.05,8.72,0.0
0.47,-3.06,8.69,0.0
0.6,-2.49,8.66,0.0
0.7,-2.31,8.62,0.0
0.66,-1.87,8.57,0.0
0.68,-1.17,8.51,0.0
0.78,-1.0,8.45,0.0
0.76,-0.5,8.38,0.0
0.77,-0.01,8.3,0.0
0.69,0.58,8.23,0.0
0.82,0.54,8.15,0.0
0.78,0.76,8.06,0.0
0.65,1.04,7.99,0.0
0.8,1.04,7.91,0.0
0.71,0.97,7.82,0.0
0.65,1.34,7.74,0.0
0.77,1.34,7.66,0.0
0.6,1.34,7.58,0.0
0.63,1.4,7.51,0.0
0.58,1.55,7.42,0.0
0.6,1.41,7.35,0.0
0.55,1.33,7.28,0.0
0.49,1.4,7.2,0.0
0.49,1.35,7.14,0.0
0.44,1.3,7.08,0.0
0.42,1.22,7.02,0.0
0.37,1.14,6.95,0.0
0.38,1.09,6.89,0.0
0.37,0.99,6.84,0.0
0.35,0.89,6.79,0.0
0.29,0.83,6.74,0.0
0.29,0.78,6.69,0.0
0.3,0.6,6.65,0.0
0.28,0.5,6.61,0.0
0.26,0.25,6.58,0.0
0.24,0.15,6.54,0.0
0.26,0.01,6.51,0.0
0.25,-0.13,6.49,0.0
0.25,-0.17,6.46,0.0
0.27,-0.44,6.45,0.0
0.27,-0.68,6.43,0.0
0.28,-0.69,6.42,0.0
0.31,-0.83,6.42,0.0
0.33,-0.92,6.41,0.0
0.33,-1.04,6.41,0.0
0.34,-0.86,6.41,0.0
0.38,-0.8,6.41,0.0
0.39,-0.8,6.41,0.0
0.39,-0.7,6.41,0.0
0.42,-0.62,6.41,0.0
0.42,-0.57,6.41,0.0
0.44,-0.49,6.41,0.0
0.44,-0.41,6.41,0.0
0.45,-0.33,6.41,0.0
0.47,-0.26,6.41,0.0
0.47,-0.21,6.41,0.0
0.48,-0.16,6.41,0.0
0.49,-0.1,6.41,0.0
0.48,-0.04,6.41,0.0
0.48,0.01,6.41,0.0
0.48,0.07,6.41,0.0
0.47,0.13,6.41,0.0
0.48,0.19,6.41,0.0
0.46,0.24,6.41,0.0
0.46,0.29,6.41,0.0
0.46,0.34,6.41,0.0
0.44,0.39,6.41,0.0
0.44,0.43,6.41,0.0
0.42,0.47,6.41,0.0
0.41,0.5,6.41,0.0
0.4,0.53,6.41,0.0
0.39,0.57,6.41,0.0
0.37,0.59,6.41,0.0
0.36,0.62,6.41,0.0
0.35,0.65,6.41,0.0
0.33,0.67,6.41,0.0
0.32,0.69,6.41,0.0
0.31,0.71,6.41,0.0
0.29,0.73,6.41,0.0
0.28,0.73,6.41,0.0
0.26,0.73,6.41,0.0
0.24,0.7,6.42,0.0
0.24,0.66,6.42,0.0
0.22,0.63,6.42,0.0
0.2,0.62,6.42,0.0
0.19,0.6,6.43,0.0
0.17,0.57,6.43,0.0
0.17,0.51,6.43,0.0
0.15,0.43,6.44,0.0
0.14,0.35,6.45,0.0
0.14,0.27,6.46,0.0
0.13,0.2,6.46,0.0
0.12,0.16,6.47,0.0
0.13,0.13,6.48,0.0
0.13,0.09,6.5,0.0
0.12,0.03,6.51,0.0
0.12,-0.03,6.52,0.0
0.12,-0.08,6.53,0.0
0.13,-0.07,6.56,0.0
0.11,-0.06,6.57,0.0
0.11,-0.03,6.58,0.0
0.12,0.01,6.59,0.0
0.12,0.05,6.6,0.0
0.11,0.1,6.61,0.0
0.11,0.15,6.62,0.0
0.1,0.2,6.62,-3.0
0.1,0.2,6.63,-3.0
0.26,-0.13,6.64,-3.0
0.23,-0.96,6.66,-3.0
0.34,-2.23,6.7,-3.0
0.34,-3.52,6.79,-3.0
0.36,-3.61,6.87,-3.0
0.42,-3.46,6.95,-3.0
0.49,-3.44,7.04,-3.0
0.47,-2.95,7.12,-3.0
0.59,-2.62,7.19,-3.0
0.66,-2.12,7.27,-3.0
0.64,-1.53,7.32,-3.0
0.68,-0.93,7.36,-3.0
0.68,-0.42,7.39,-3.0
0.71,-0.02,7.42,-3.0
0.65,0.72,7.44,-3.0
0.7,1.19,7.45,-3.0
0.71,1.41,7.45,-3.0
0.71,1.41,7.45,-3.0
0.67,1.36,7.45,-3.0
0.62,1.46,7.45,-3.0
0.58,1.53,7.45,-3.0
0.57,1.56,7.45,-3.0
0.52,1.58,7.46,-3.0
0.48,1.61,7.46,-3.0
0.44,1.63,7.46,-3.0
0.44,1.56,7.46,-3.0
0.39,1.5,7.47,-3.0
0.41,1.13,7.48,-3.0
0.39,0.65,7.5,-3.0
0.38,0.25,7.53,-3.0
0.4,-0.08,7.56,-3.0
0.39,-0.47,7.61,-3.0
0.32,-0.82,7.67,-3.0
0.35,-1.07,7.74,-3.0
0.44,-1.31,7.8,-3.0
0.44,-1.18,7.87,-3.0
0.48,-1.31,7.95,-3.0
0.46,-1.13,8.02,-3.0
0.43,-1.02,8.09,-3.0
0.55,-0.78,8.16,-3.0
0.49,-0.66,8.23,-3.0
0.49,-0.38,8.28,-3.0
0.45,-0.1,8.35,-3.0
0.55,0.11,8.4,-3.0
0.45,0.37,8.45,-3.0
0.55,0.44,8.49,-3.0
0.48,0.69,8.53,-3.0
0.51,0.65,8.58,-3.0
0.45,0.96,8.62,-3.0
0.49,0.78,8.66,-3.0
0.45,0.76,8.7,-3.0
0.43,0.49,8.75,-3.0
0.42,0.55,8.81,-3.0
0.47,0.19,8.86,-3.0
0.4,0.3,8.91,-3.0
0.42,-0.06,8.97,-3.0
0.46,-0.24,9.04,-3.0
0.41,-0.34,9.1,-3.0
0.41,-0.31,9.17,-3.0
0.44,-0.57,9.25,-3.0
0.38,-0.59,9.32,-3.0
0.44,-0.72,9.4,-3.0
0.52,-0.6,9.48,-3.0
0.46,-0.58,9.55,-3.0
0.45,-0.54,9.63,-3.0
0.44,-0.4,9.71,-3.0
0.52,-0.38,9.77,-3.0
0.53,-0.35,9.84,-3.0
0.53,-0.22,9.92,-3.0
0.54,-0.06,9.98,-3.0
0.47,-0.06,10.04,-3.0
0.56,0.1,10.11,-3.0
0.5,0.11,10.17,-3.0
0.54,0.33,10.23,-3.0
0.52,0.26,10.28,-3.0
0.53,0.32,10.35,-3.0
0.46,0.27,10.4,-3.0
0.42,0.35,10.46,-3.0
0.53,0.21,10.51,-3.0
0.47,0.22,10.58,-3.0
0.49,0.19,10.63,-3.0
0.46,0.09,10.69,-3.0
0.48,0.11,10.75,-3.0
0.5,-0.0,10.82,-3.0
0.5,-0.05,10.88,-3.0
0.42,0.03,10.95,-3.0
0.52,-0.07,11.02,-3.0
0.45,-0.06,11.09,-3.0
0.48,-0.1,11.15,-3.0
0.51,-0.02,11.23,-3.0
0.45,-0.02,11.29,-3.0
0.49,-0.0,11.36,-3.0
0.44,0.02,11.42,-3.0
0.42,0.1,11.5,-3.0
0.52,0.1,11.56,-3.0
0.47,0.11,11.62,-3.0
0.52,0.05,11.69,-3.0
0.51,0.23,11.76,-3.0
0.52,0.18,11.82,-3.0
0.46,0.13,11.89,-3.0
0.52,0.11,11.95,-3.0
0.43,0.22,12.02,-3.0
0.47,0.12,12.08,-3.0
0.43,0.09,12.16,-3.0
0.45,-0.04,12.22,-3.0
0.45,0.07,12.29,-3.0
0.42,0.05,12.37,-3.0
0.43,0.04,12.44,-3.0
0.42,0.01,12.5,-3.0
0.47,0.06,12.58,-3.0
0.48,-0.02,12.65,-3.0
0.43,0.06,12.72,-3.0
0.38,0.12,12.8,-3.0
0.5,0.12,12.87,-3.0
0.44,0.16,12.94,-3.0
0.47,0.12,13.02,-3.0
0.39,0.21,13.09,-3.0
0.42,0.24,13.16,-3.0
0.41,0.23,13.23,-3.0
0.41,0.12,13.3,-3.0
0.45,0.23,13.37,-3.0
0.41,0.24,13.45,-3.0
0.41,0.22,13.52,-3.0
0.33,0.25,13.6,-3.0
0.42,0.25,13.68,-3.0
0.39,0.16,13.75,-3.0
0.46,0.08,13.83,-3.0
0.37,0.12,13.91,-3.0
0.4,0.08,13.99,-3.0
0.42,0.08,14.07,-3.0
0.33,0.06,14.16,-3.0
0.46,0.03,14.24,-3.0
0.36,-0.02,14.34,-3.0
0.34,0.05,14.43,-3.0
0.43,-0.08,14.51,-3.0
0.38,-0.02,14.61,-3.0
0.35,0.05,14.7,-3.0
0.38,-0.0,14.8,-3.0
0.4,-0.02,14.89,-3.0
0.35,0.05,14.99,-3.0
0.4,-0.01,15.08,-3.0
0.36,-0.09,15.18,-3.0
0.35,-0.05,15.28,-3.0
0.4,-0.09,15.37,-3.0
0.35,-0.14,15.48,-3.0
0.39,-0.2,15.58,-3.0
0.43,-0.31,15.69,-3.0
0.4,-0.19,15.79,-3.0
0.35,-0.23,15.89,-3.0
0.33,-0.16,15.99,-3.0
0.4,-0.12,16.1,-3.0
0.42,-0.23,16.2,-3.0
0.39,-0.07,16.29,-3.0
0.42,-0.08,16.39,-3.0
0.41,-0.02,16.49,-3.0
0.39,0.03,16.59,-3.0
0.41,-0.0,16.68,-3.0
0.35,0.11,16.78,-3.0
0.47,0.02,16.87,-3.0
0.4,0.06,16.96,-3.0
0.37,0.11,17.06,-3.0
0.4,0.09,17.15,-3.0
0.4,0.02,17.24,-3.0
0.45,0.11,17.33,-3.0
0.37,0.03,17.43,-3.0
0.44,0.02,17.52,-3.0
0.36,0.08,17.61,-3.0
0.44,0.15,17.71,-3.0
0.4,0.07,17.8,-3.0
0.47,0.18,17.89,-3.0
0.36,0.13,17.98,-3.0
0.33,0.22,18.07,-3.0
0.45,0.14,18.17,-3.0
0.38,0.14,18.26,-3.0
0.38,0.2,18.36,-3.0
0.34,0.14,18.45,-3.0
0.42,0.04,18.55,-3.0
0.32,0.2,18.64,-3.0
0.39,0.16,18.73,-3.0
0.31,0.09,18.84,-3.0
0.29,0.17,18.93,-3.0
0.34,0.16,19.03,-3.0
0.32,0.12,19.12,-3.0
0.38,0.17,19.23,-3.0
0.38,0.13,19.32,-3.0
0.32,0.11,19.42,-3.0
0.35,0.15,19.52,-3.0
0.36,0.06,19.61,-3.0
0.3,0.13,19.72,-3.0
0.28,0.14,19.81,-3.0
0.27,0.1,19.92,-3.0
0.36,0.13,20.01,-3.0
0.27,0.01,20.12,-3.0
0.3,0.01,20.22,-3.0
0.37,0.01,20.33,-3.0
0.36,-0.11,20.43,-3.0
0.38,-0.05,20.54,-3.0
0.32,-0.16,20.65,-3.0
0.27,-0.06,20.77,-3.0
0.34,-0.01,20.87,-3.0
0.3,0.02,20.99,-3.0
0.39,0.01,21.09,-3.0
0.3,-0.04,21.21,-3.0
0.34,0.07,21.31,-3.0
0.38,-0.14,21.43,-3.0
0.31,0.01,21.54,-3.0
0.36,-0.11,21.65,-3.0
0.3,-0.16,21.76,-3.0
0.35,-0.16,21.88,-3.0
0.35,-0.29,21.99,-3.0
0.36,-0.21,22.11,-3.0
0.32,-0.23,22.22,-3.0
0.34,-0.12,22.34,-3.0
0.34,-0.18,22.45,-3.0
0.34,-0.03,22.57,-3.0
0.36,-0.13,22.67,-3.0
0.36,-0.16,22.79,0.0
0.25,0.35,22.88,0.0
0.25,1.04,22.97,0.0
0.24,1.65,23.04,0.0
